Date,Year,Month,Province,Category,CPI_Value
2019-01-01,2019,1,Ontario,All-items,135.2
2019-02-01,2019,2,Ontario,All-items,136.0
2019-03-01,2019,3,Ontario,All-items,137.0
2019-04-01,2019,4,Ontario,All-items,137.4
2019-05-01,2019,5,Ontario,All-items,138.1
2019-06-01,2019,6,Ontario,All-items,138.0
2019-07-01,2019,7,Ontario,All-items,138.8
2019-08-01,2019,8,Ontario,All-items,138.5
2019-09-01,2019,9,Ontario,All-items,137.5
2019-10-01,2019,10,Ontario,All-items,137.9
2019-11-01,2019,11,Ontario,All-items,137.7
2019-12-01,2019,12,Ontario,All-items,137.8
2020-01-01,2020,1,Ontario,All-items,138.0
2020-02-01,2020,2,Ontario,All-items,138.7
2020-03-01,2020,3,Ontario,All-items,137.9
2020-04-01,2020,4,Ontario,All-items,137.3
2020-05-01,2020,5,Ontario,All-items,137.5
2020-06-01,2020,6,Ontario,All-items,138.6
2020-07-01,2020,7,Ontario,All-items,138.8
2020-08-01,2020,8,Ontario,All-items,138.6
2020-09-01,2020,9,Ontario,All-items,138.3
2020-10-01,2020,10,Ontario,All-items,138.9
2020-11-01,2020,11,Ontario,All-items,139.0
2020-12-01,2020,12,Ontario,All-items,138.8
2021-01-01,2021,1,Ontario,All-items,139.5
2021-02-01,2021,2,Ontario,All-items,140.2
2021-03-01,2021,3,Ontario,All-items,141.0
2021-04-01,2021,4,Ontario,All-items,141.8
2021-05-01,2021,5,Ontario,All-items,142.6
2021-06-01,2021,6,Ontario,All-items,143.1
2021-07-01,2021,7,Ontario,All-items,143.7
2021-08-01,2021,8,Ontario,All-items,144.1
2021-09-01,2021,9,Ontario,All-items,144.4
2021-10-01,2021,10,Ontario,All-items,145.7
2021-11-01,2021,11,Ontario,All-items,146.0
2021-12-01,2021,12,Ontario,All-items,146.0
2022-01-01,2022,1,Ontario,All-items,147.4
2022-02-01,2022,2,Ontario,All-items,148.8
2022-03-01,2022,3,Ontario,All-items,150.8
2022-04-01,2022,4,Ontario,All-items,151.6
2022-05-01,2022,5,Ontario,All-items,153.7
2022-06-01,2022,6,Ontario,All-items,154.4
2022-07-01,2022,7,Ontario,All-items,154.6
2022-08-01,2022,8,Ontario,All-items,154.1
2022-09-01,2022,9,Ontario,All-items,154.1
2022-10-01,2022,10,Ontario,All-items,155.2
2022-11-01,2022,11,Ontario,All-items,155.4
2022-12-01,2022,12,Ontario,All-items,154.8
2023-01-01,2023,1,Ontario,All-items,155.7
2023-02-01,2023,2,Ontario,All-items,156.4
2023-03-01,2023,3,Ontario,All-items,157.3
2023-04-01,2023,4,Ontario,All-items,157.9
2023-05-01,2023,5,Ontario,All-items,158.5
2023-06-01,2023,6,Ontario,All-items,158.4
2023-07-01,2023,7,Ontario,All-items,159.6
2023-08-01,2023,8,Ontario,All-items,159.9
2023-09-01,2023,9,Ontario,All-items,159.7
2023-10-01,2023,10,Ontario,All-items,160.3
2023-11-01,2023,11,Ontario,All-items,160.6
2023-12-01,2023,12,Ontario,All-items,160.0
2024-01-01,2024,1,Ontario,All-items,159.9
2024-02-01,2024,2,Ontario,All-items,160.2
2024-03-01,2024,3,Ontario,All-items,161.4
2024-04-01,2024,4,Ontario,All-items,162.2
2024-05-01,2024,5,Ontario,All-items,163.2
2024-06-01,2024,6,Ontario,All-items,163.1
2024-07-01,2024,7,Ontario,All-items,163.9
2024-08-01,2024,8,Ontario,All-items,163.3
2024-09-01,2024,9,Ontario,All-items,162.8
2024-10-01,2024,10,Ontario,All-items,163.5
2024-11-01,2024,11,Ontario,All-items,163.5
2024-12-01,2024,12,Ontario,All-items,162.7
2025-01-01,2025,1,Ontario,All-items,162.6
2025-02-01,2025,2,Ontario,All-items,164.6
2025-03-01,2025,3,Ontario,All-items,165.1
2025-04-01,2025,4,Ontario,All-items,164.8
2025-05-01,2025,5,Ontario,All-items,165.9
2025-06-01,2025,6,Ontario,All-items,166.0
2025-07-01,2025,7,Ontario,All-items,166.5
2025-08-01,2025,8,Ontario,All-items,166.0
2025-09-01,2025,9,Ontario,All-items,166.1
2025-10-01,2025,10,Ontario,All-items,166.4
2025-11-01,2025,11,Ontario,All-items,166.6
2025-12-01,2025,12,Ontario,All-items,166.1
2019-01-01,2019,1,Ontario,Food,151.6
2019-02-01,2019,2,Ontario,Food,151.9
2019-03-01,2019,3,Ontario,Food,151.9
2019-04-01,2019,4,Ontario,Food,151.8
2019-05-01,2019,5,Ontario,Food,152.7
2019-06-01,2019,6,Ontario,Food,153.7
2019-07-01,2019,7,Ontario,Food,153.8
2019-08-01,2019,8,Ontario,Food,153.3
2019-09-01,2019,9,Ontario,Food,151.9
2019-10-01,2019,10,Ontario,Food,151.4
2019-11-01,2019,11,Ontario,Food,152.6
2019-12-01,2019,12,Ontario,Food,154.2
2020-01-01,2020,1,Ontario,Food,155.3
2020-02-01,2020,2,Ontario,Food,154.4
2020-03-01,2020,3,Ontario,Food,154.5
2020-04-01,2020,4,Ontario,Food,156.4
2020-05-01,2020,5,Ontario,Food,156.1
2020-06-01,2020,6,Ontario,Food,156.6
2020-07-01,2020,7,Ontario,Food,157.0
2020-08-01,2020,8,Ontario,Food,155.9
2020-09-01,2020,9,Ontario,Food,154.6
2020-10-01,2020,10,Ontario,Food,155.0
2020-11-01,2020,11,Ontario,Food,155.3
2020-12-01,2020,12,Ontario,Food,155.2
2021-01-01,2021,1,Ontario,Food,157.1
2021-02-01,2021,2,Ontario,Food,157.1
2021-03-01,2021,3,Ontario,Food,157.6
2021-04-01,2021,4,Ontario,Food,157.2
2021-05-01,2021,5,Ontario,Food,158.1
2021-06-01,2021,6,Ontario,Food,158.1
2021-07-01,2021,7,Ontario,Food,159.2
2021-08-01,2021,8,Ontario,Food,160.0
2021-09-01,2021,9,Ontario,Food,160.3
2021-10-01,2021,10,Ontario,Food,160.6
2021-11-01,2021,11,Ontario,Food,162.8
2021-12-01,2021,12,Ontario,Food,164.1
2022-01-01,2022,1,Ontario,Food,166.7
2022-02-01,2022,2,Ontario,Food,168.8
2022-03-01,2022,3,Ontario,Food,170.5
2022-04-01,2022,4,Ontario,Food,171.6
2022-05-01,2022,5,Ontario,Food,173.4
2022-06-01,2022,6,Ontario,Food,173.2
2022-07-01,2022,7,Ontario,Food,174.6
2022-08-01,2022,8,Ontario,Food,175.9
2022-09-01,2022,9,Ontario,Food,176.9
2022-10-01,2022,10,Ontario,Food,176.4
2022-11-01,2022,11,Ontario,Food,178.8
2022-12-01,2022,12,Ontario,Food,180.4
2023-01-01,2023,1,Ontario,Food,183.5
2023-02-01,2023,2,Ontario,Food,184.6
2023-03-01,2023,3,Ontario,Food,185.2
2023-04-01,2023,4,Ontario,Food,185.3
2023-05-01,2023,5,Ontario,Food,187.0
2023-06-01,2023,6,Ontario,Food,186.5
2023-07-01,2023,7,Ontario,Food,187.2
2023-08-01,2023,8,Ontario,Food,187.0
2023-09-01,2023,9,Ontario,Food,186.7
2023-10-01,2023,10,Ontario,Food,186.5
2023-11-01,2023,11,Ontario,Food,187.9
2023-12-01,2023,12,Ontario,Food,187.8
2024-01-01,2024,1,Ontario,Food,189.5
2024-02-01,2024,2,Ontario,Food,189.3
2024-03-01,2024,3,Ontario,Food,189.4
2024-04-01,2024,4,Ontario,Food,189.2
2024-05-01,2024,5,Ontario,Food,190.7
2024-06-01,2024,6,Ontario,Food,192.3
2024-07-01,2024,7,Ontario,Food,192.7
2024-08-01,2024,8,Ontario,Food,192.4
2024-09-01,2024,9,Ontario,Food,192.5
2024-10-01,2024,10,Ontario,Food,193.1
2024-11-01,2024,11,Ontario,Food,193.9
2024-12-01,2024,12,Ontario,Food,188.3
2025-01-01,2025,1,Ontario,Food,186.1
2025-02-01,2025,2,Ontario,Food,190.8
2025-03-01,2025,3,Ontario,Food,195.3
2025-04-01,2025,4,Ontario,Food,196.3
2025-05-01,2025,5,Ontario,Food,197.5
2025-06-01,2025,6,Ontario,Food,198.1
2025-07-01,2025,7,Ontario,Food,199.3
2025-08-01,2025,8,Ontario,Food,199.3
2025-09-01,2025,9,Ontario,Food,199.9
2025-10-01,2025,10,Ontario,Food,199.5
2025-11-01,2025,11,Ontario,Food,201.9
2025-12-01,2025,12,Ontario,Food,202.4
2019-01-01,2019,1,Ontario,Shelter,145.0
2019-02-01,2019,2,Ontario,Shelter,145.5
2019-03-01,2019,3,Ontario,Shelter,145.8
2019-04-01,2019,4,Ontario,Shelter,146.5
2019-05-01,2019,5,Ontario,Shelter,146.6
2019-06-01,2019,6,Ontario,Shelter,146.8
2019-07-01,2019,7,Ontario,Shelter,147.3
2019-08-01,2019,8,Ontario,Shelter,147.4
2019-09-01,2019,9,Ontario,Shelter,147.3
2019-10-01,2019,10,Ontario,Shelter,148.3
2019-11-01,2019,11,Ontario,Shelter,148.6
2019-12-01,2019,12,Ontario,Shelter,148.9
2020-01-01,2020,1,Ontario,Shelter,149.0
2020-02-01,2020,2,Ontario,Shelter,149.3
2020-03-01,2020,3,Ontario,Shelter,149.3
2020-04-01,2020,4,Ontario,Shelter,148.4
2020-05-01,2020,5,Ontario,Shelter,148.0
2020-06-01,2020,6,Ontario,Shelter,149.7
2020-07-01,2020,7,Ontario,Shelter,149.5
2020-08-01,2020,8,Ontario,Shelter,150.2
2020-09-01,2020,9,Ontario,Shelter,150.5
2020-10-01,2020,10,Ontario,Shelter,152.2
2020-11-01,2020,11,Ontario,Shelter,152.4
2020-12-01,2020,12,Ontario,Shelter,152.3
2021-01-01,2021,1,Ontario,Shelter,151.1
2021-02-01,2021,2,Ontario,Shelter,151.9
2021-03-01,2021,3,Ontario,Shelter,153.5
2021-04-01,2021,4,Ontario,Shelter,154.6
2021-05-01,2021,5,Ontario,Shelter,155.7
2021-06-01,2021,6,Ontario,Shelter,156.9
2021-07-01,2021,7,Ontario,Shelter,157.2
2021-08-01,2021,8,Ontario,Shelter,157.4
2021-09-01,2021,9,Ontario,Shelter,158.4
2021-10-01,2021,10,Ontario,Shelter,159.8
2021-11-01,2021,11,Ontario,Shelter,160.5
2021-12-01,2021,12,Ontario,Shelter,161.5
2022-01-01,2022,1,Ontario,Shelter,161.8
2022-02-01,2022,2,Ontario,Shelter,162.8
2022-03-01,2022,3,Ontario,Shelter,164.8
2022-04-01,2022,4,Ontario,Shelter,166.4
2022-05-01,2022,5,Ontario,Shelter,167.2
2022-06-01,2022,6,Ontario,Shelter,167.4
2022-07-01,2022,7,Ontario,Shelter,168.8
2022-08-01,2022,8,Ontario,Shelter,168.6
2022-09-01,2022,9,Ontario,Shelter,169.4
2022-10-01,2022,10,Ontario,Shelter,170.7
2022-11-01,2022,11,Ontario,Shelter,171.6
2022-12-01,2022,12,Ontario,Shelter,172.0
2023-01-01,2023,1,Ontario,Shelter,172.8
2023-02-01,2023,2,Ontario,Shelter,173.1
2023-03-01,2023,3,Ontario,Shelter,173.8
2023-04-01,2023,4,Ontario,Shelter,174.0
2023-05-01,2023,5,Ontario,Shelter,174.6
2023-06-01,2023,6,Ontario,Shelter,175.4
2023-07-01,2023,7,Ontario,Shelter,176.3
2023-08-01,2023,8,Ontario,Shelter,177.2
2023-09-01,2023,9,Ontario,Shelter,177.7
2023-10-01,2023,10,Ontario,Shelter,179.8
2023-11-01,2023,11,Ontario,Shelter,180.2
2023-12-01,2023,12,Ontario,Shelter,181.3
2024-01-01,2024,1,Ontario,Shelter,181.8
2024-02-01,2024,2,Ontario,Shelter,182.5
2024-03-01,2024,3,Ontario,Shelter,183.4
2024-04-01,2024,4,Ontario,Shelter,183.7
2024-05-01,2024,5,Ontario,Shelter,185.2
2024-06-01,2024,6,Ontario,Shelter,185.5
2024-07-01,2024,7,Ontario,Shelter,185.9
2024-08-01,2024,8,Ontario,Shelter,186.4
2024-09-01,2024,9,Ontario,Shelter,186.6
2024-10-01,2024,10,Ontario,Shelter,187.7
2024-11-01,2024,11,Ontario,Shelter,188.1
2024-12-01,2024,12,Ontario,Shelter,188.8
2025-01-01,2025,1,Ontario,Shelter,189.4
2025-02-01,2025,2,Ontario,Shelter,189.8
2025-03-01,2025,3,Ontario,Shelter,189.7
2025-04-01,2025,4,Ontario,Shelter,189.3
2025-05-01,2025,5,Ontario,Shelter,189.1
2025-06-01,2025,6,Ontario,Shelter,189.3
2025-07-01,2025,7,Ontario,Shelter,189.9
2025-08-01,2025,8,Ontario,Shelter,189.6
2025-09-01,2025,9,Ontario,Shelter,189.5
2025-10-01,2025,10,Ontario,Shelter,189.9
2025-11-01,2025,11,Ontario,Shelter,190.2
2025-12-01,2025,12,Ontario,Shelter,190.0
2019-01-01,2019,1,Ontario,Transportation,137.0
2019-02-01,2019,2,Ontario,Transportation,138.0
2019-03-01,2019,3,Ontario,Transportation,140.5
2019-04-01,2019,4,Ontario,Transportation,142.7
2019-05-01,2019,5,Ontario,Transportation,143.8
2019-06-01,2019,6,Ontario,Transportation,143.2
2019-07-01,2019,7,Ontario,Transportation,145.2
2019-08-01,2019,8,Ontario,Transportation,144.3
2019-09-01,2019,9,Ontario,Transportation,141.1
2019-10-01,2019,10,Ontario,Transportation,142.0
2019-11-01,2019,11,Ontario,Transportation,142.6
2019-12-01,2019,12,Ontario,Transportation,144.4
2020-01-01,2020,1,Ontario,Transportation,144.1
2020-02-01,2020,2,Ontario,Transportation,144.6
2020-03-01,2020,3,Ontario,Transportation,139.3
2020-04-01,2020,4,Ontario,Transportation,138.3
2020-05-01,2020,5,Ontario,Transportation,140.8
2020-06-01,2020,6,Ontario,Transportation,143.5
2020-07-01,2020,7,Ontario,Transportation,143.7
2020-08-01,2020,8,Ontario,Transportation,142.4
2020-09-01,2020,9,Ontario,Transportation,140.8
2020-10-01,2020,10,Ontario,Transportation,141.4
2020-11-01,2020,11,Ontario,Transportation,141.7
2020-12-01,2020,12,Ontario,Transportation,142.7
2021-01-01,2021,1,Ontario,Transportation,145.3
2021-02-01,2021,2,Ontario,Transportation,147.5
2021-03-01,2021,3,Ontario,Transportation,149.0
2021-04-01,2021,4,Ontario,Transportation,149.7
2021-05-01,2021,5,Ontario,Transportation,150.9
2021-06-01,2021,6,Ontario,Transportation,151.6
2021-07-01,2021,7,Ontario,Transportation,152.1
2021-08-01,2021,8,Ontario,Transportation,153.8
2021-09-01,2021,9,Ontario,Transportation,153.4
2021-10-01,2021,10,Ontario,Transportation,155.8
2021-11-01,2021,11,Ontario,Transportation,155.7
2021-12-01,2021,12,Ontario,Transportation,155.0
2022-01-01,2022,1,Ontario,Transportation,157.5
2022-02-01,2022,2,Ontario,Transportation,160.8
2022-03-01,2022,3,Ontario,Transportation,165.1
2022-04-01,2022,4,Ontario,Transportation,165.9
2022-05-01,2022,5,Ontario,Transportation,171.9
2022-06-01,2022,6,Ontario,Transportation,175.1
2022-07-01,2022,7,Ontario,Transportation,171.2
2022-08-01,2022,8,Ontario,Transportation,167.7
2022-09-01,2022,9,Ontario,Transportation,163.8
2022-10-01,2022,10,Ontario,Transportation,167.6
2022-11-01,2022,11,Ontario,Transportation,166.9
2022-12-01,2022,12,Ontario,Transportation,163.0
2023-01-01,2023,1,Ontario,Transportation,164.3
2023-02-01,2023,2,Ontario,Transportation,163.2
2023-03-01,2023,3,Ontario,Transportation,164.1
2023-04-01,2023,4,Ontario,Transportation,167.1
2023-05-01,2023,5,Ontario,Transportation,166.8
2023-06-01,2023,6,Ontario,Transportation,168.9
2023-07-01,2023,7,Ontario,Transportation,171.6
2023-08-01,2023,8,Ontario,Transportation,172.6
2023-09-01,2023,9,Ontario,Transportation,170.8
2023-10-01,2023,10,Ontario,Transportation,168.1
2023-11-01,2023,11,Ontario,Transportation,167.6
2023-12-01,2023,12,Ontario,Transportation,169.3
2024-01-01,2024,1,Ontario,Transportation,167.2
2024-02-01,2024,2,Ontario,Transportation,168.2
2024-03-01,2024,3,Ontario,Transportation,170.3
2024-04-01,2024,4,Ontario,Transportation,173.3
2024-05-01,2024,5,Ontario,Transportation,173.6
2024-06-01,2024,6,Ontario,Transportation,173.9
2024-07-01,2024,7,Ontario,Transportation,176.0
2024-08-01,2024,8,Ontario,Transportation,173.4
2024-09-01,2024,9,Ontario,Transportation,169.3
2024-10-01,2024,10,Ontario,Transportation,170.5
2024-11-01,2024,11,Ontario,Transportation,171.1
2024-12-01,2024,12,Ontario,Transportation,174.6
2025-01-01,2025,1,Ontario,Transportation,173.6
2025-02-01,2025,2,Ontario,Transportation,173.8
2025-03-01,2025,3,Ontario,Transportation,173.6
2025-04-01,2025,4,Ontario,Transportation,169.9
2025-05-01,2025,5,Ontario,Transportation,171.4
2025-06-01,2025,6,Ontario,Transportation,172.3
2025-07-01,2025,7,Ontario,Transportation,173.3
2025-08-01,2025,8,Ontario,Transportation,172.2
2025-09-01,2025,9,Ontario,Transportation,171.3
2025-10-01,2025,10,Ontario,Transportation,170.6
2025-11-01,2025,11,Ontario,Transportation,171.6
2025-12-01,2025,12,Ontario,Transportation,172.6
2019-01-01,2019,1,Ontario,Energy,146.2
2019-02-01,2019,2,Ontario,Energy,145.8
2019-03-01,2019,3,Ontario,Energy,155.4
2019-04-01,2019,4,Ontario,Energy,165.4
2019-05-01,2019,5,Ontario,Energy,167.1
2019-06-01,2019,6,Ontario,Energy,161.1
2019-07-01,2019,7,Ontario,Energy,165.5
2019-08-01,2019,8,Ontario,Energy,160.7
2019-09-01,2019,9,Ontario,Energy,159.5
2019-10-01,2019,10,Ontario,Energy,158.0
2019-11-01,2019,11,Ontario,Energy,159.0
2019-12-01,2019,12,Ontario,Energy,158.7
2020-01-01,2020,1,Ontario,Energy,158.1
2020-02-01,2020,2,Ontario,Energy,155.3
2020-03-01,2020,3,Ontario,Energy,136.7
2020-04-01,2020,4,Ontario,Energy,125.6
2020-05-01,2020,5,Ontario,Energy,133.4
2020-06-01,2020,6,Ontario,Energy,146.3
2020-07-01,2020,7,Ontario,Energy,149.6
2020-08-01,2020,8,Ontario,Energy,149.3
2020-09-01,2020,9,Ontario,Energy,147.8
2020-10-01,2020,10,Ontario,Energy,150.5
2020-11-01,2020,11,Ontario,Energy,150.0
2020-12-01,2020,12,Ontario,Energy,153.2
2021-01-01,2021,1,Ontario,Energy,150.4
2021-02-01,2021,2,Ontario,Energy,156.8
2021-03-01,2021,3,Ontario,Energy,166.0
2021-04-01,2021,4,Ontario,Energy,170.1
2021-05-01,2021,5,Ontario,Energy,173.2
2021-06-01,2021,6,Ontario,Energy,174.9
2021-07-01,2021,7,Ontario,Energy,177.1
2021-08-01,2021,8,Ontario,Energy,177.8
2021-09-01,2021,9,Ontario,Energy,178.4
2021-10-01,2021,10,Ontario,Energy,187.8
2021-11-01,2021,11,Ontario,Energy,187.9
2021-12-01,2021,12,Ontario,Energy,182.8
2022-01-01,2022,1,Ontario,Energy,187.0
2022-02-01,2022,2,Ontario,Energy,197.5
2022-03-01,2022,3,Ontario,Energy,212.4
2022-04-01,2022,4,Ontario,Energy,215.5
2022-05-01,2022,5,Ontario,Energy,234.6
2022-06-01,2022,6,Ontario,Energy,239.6
2022-07-01,2022,7,Ontario,Energy,227.0
2022-08-01,2022,8,Ontario,Energy,215.3
2022-09-01,2022,9,Ontario,Energy,203.1
2022-10-01,2022,10,Ontario,Energy,216.4
2022-11-01,2022,11,Ontario,Energy,214.3
2022-12-01,2022,12,Ontario,Energy,197.6
2023-01-01,2023,1,Ontario,Energy,203.8
2023-02-01,2023,2,Ontario,Energy,200.7
2023-03-01,2023,3,Ontario,Energy,201.0
2023-04-01,2023,4,Ontario,Energy,203.6
2023-05-01,2023,5,Ontario,Energy,202.7
2023-06-01,2023,6,Ontario,Energy,205.0
2023-07-01,2023,7,Ontario,Energy,208.2
2023-08-01,2023,8,Ontario,Energy,214.4
2023-09-01,2023,9,Ontario,Energy,211.9
2023-10-01,2023,10,Ontario,Energy,202.3
2023-11-01,2023,11,Ontario,Energy,200.3
2023-12-01,2023,12,Ontario,Energy,196.0
2024-01-01,2024,1,Ontario,Energy,195.7
2024-02-01,2024,2,Ontario,Energy,199.7
2024-03-01,2024,3,Ontario,Energy,203.9
2024-04-01,2024,4,Ontario,Energy,214.0
2024-05-01,2024,5,Ontario,Energy,212.3
2024-06-01,2024,6,Ontario,Energy,209.3
2024-07-01,2024,7,Ontario,Energy,213.1
2024-08-01,2024,8,Ontario,Energy,208.2
2024-09-01,2024,9,Ontario,Energy,198.2
2024-10-01,2024,10,Ontario,Energy,199.4
2024-11-01,2024,11,Ontario,Energy,200.1
2024-12-01,2024,12,Ontario,Energy,199.7
2025-01-01,2025,1,Ontario,Energy,205.4
2025-02-01,2025,2,Ontario,Energy,204.9
2025-03-01,2025,3,Ontario,Energy,203.3
2025-04-01,2025,4,Ontario,Energy,181.8
2025-05-01,2025,5,Ontario,Energy,184.4
2025-06-01,2025,6,Ontario,Energy,184.1
2025-07-01,2025,7,Ontario,Energy,187.2
2025-08-01,2025,8,Ontario,Energy,187.8
2025-09-01,2025,9,Ontario,Energy,190.4
2025-10-01,2025,10,Ontario,Energy,180.3
2025-11-01,2025,11,Ontario,Energy,186.2
2025-12-01,2025,12,Ontario,Energy,177.4
