"REF_DATE","GEO","DGUID","Products and product groups","UOM","UOM_ID","SCALAR_FACTOR","SCALAR_ID","VECTOR","COORDINATE","VALUE","STATUS","SYMBOL","TERMINATED","DECIMALS"
"2019-01","Ontario","2016A000235","All-items","2002=100","17","units","0","v41691919","14.2","135.2","","","","1"
"2019-02","Ontario","2016A000235","All-items","2002=100","17","units","0","v41691919","14.2","136.0","","","","1"
"2019-03","Ontario","2016A000235","All-items","2002=100","17","units","0","v41691919","14.2","137.0","","","","1"
"2019-04","Ontario","2016A000235","All-items","2002=100","17","units","0","v41691919","14.2","137.4","","","","1"
"2019-05","Ontario","2016A000235","All-items","2002=100","17","units","0","v41691919","14.2","138.1","","","","1"
"2019-06","Ontario","2016A000235","All-items","2002=100","17","units","0","v41691919","14.2","138.0","","","","1"
"2019-07","Ontario","2016A000235","All-items","2002=100","17","units","0","v41691919","14.2","138.8","","","","1"
"2019-08","Ontario","2016A000235","All-items","2002=100","17","units","0","v41691919","14.2","138.5","","","","1"
"2019-09","Ontario","2016A000235","All-items","2002=100","17","units","0","v41691919","14.2","137.5","","","","1"
"2019-10","Ontario","2016A000235","All-items","2002=100","17","units","0","v41691919","14.2","137.9","","","","1"
"2019-11","Ontario","2016A000235","All-items","2002=100","17","units","0","v41691919","14.2","137.7","","","","1"
"2019-12","Ontario","2016A000235","All-items","2002=100","17","units","0","v41691919","14.2","137.8","","","","1"
"2020-01","Ontario","2016A000235","All-items","2002=100","17","units","0","v41691919","14.2","138.0","","","","1"
"2020-02","Ontario","2016A000235","All-items","2002=100","17","units","0","v41691919","14.2","138.7","","","","1"
"2020-03","Ontario","2016A000235","All-items","2002=100","17","units","0","v41691919","14.2","137.9","","","","1"
"2020-04","Ontario","2016A000235","All-items","2002=100","17","units","0","v41691919","14.2","137.3","","","","1"
"2020-05","Ontario","2016A000235","All-items","2002=100","17","units","0","v41691919","14.2","137.5","","","","1"
"2020-06","Ontario","2016A000235","All-items","2002=100","17","units","0","v41691919","14.2","138.6","","","","1"
"2020-07","Ontario","2016A000235","All-items","2002=100","17","units","0","v41691919","14.2","138.8","","","","1"
"2020-08","Ontario","2016A000235","All-items","2002=100","17","units","0","v41691919","14.2","138.6","","","","1"
"2020-09","Ontario","2016A000235","All-items","2002=100","17","units","0","v41691919","14.2","138.3","","","","1"
"2020-10","Ontario","2016A000235","All-items","2002=100","17","units","0","v41691919","14.2","138.9","","","","1"
"2020-11","Ontario","2016A000235","All-items","2002=100","17","units","0","v41691919","14.2","139.0","","","","1"
"2020-12","Ontario","2016A000235","All-items","2002=100","17","units","0","v41691919","14.2","138.8","","","","1"
"2021-01","Ontario","2016A000235","All-items","2002=100","17","units","0","v41691919","14.2","139.5","","","","1"
"2021-02","Ontario","2016A000235","All-items","2002=100","17","units","0","v41691919","14.2","140.2","","","","1"
"2021-03","Ontario","2016A000235","All-items","2002=100","17","units","0","v41691919","14.2","141.0","","","","1"
"2021-04","Ontario","2016A000235","All-items","2002=100","17","units","0","v41691919","14.2","141.8","","","","1"
"2021-05","Ontario","2016A000235","All-items","2002=100","17","units","0","v41691919","14.2","142.6","","","","1"
"2021-06","Ontario","2016A000235","All-items","2002=100","17","units","0","v41691919","14.2","143.1","","","","1"
"2021-07","Ontario","2016A000235","All-items","2002=100","17","units","0","v41691919","14.2","143.7","","","","1"
"2021-08","Ontario","2016A000235","All-items","2002=100","17","units","0","v41691919","14.2","144.1","","","","1"
"2021-09","Ontario","2016A000235","All-items","2002=100","17","units","0","v41691919","14.2","144.4","","","","1"
"2021-10","Ontario","2016A000235","All-items","2002=100","17","units","0","v41691919","14.2","145.7","","","","1"
"2021-11","Ontario","2016A000235","All-items","2002=100","17","units","0","v41691919","14.2","146.0","","","","1"
"2021-12","Ontario","2016A000235","All-items","2002=100","17","units","0","v41691919","14.2","146.0","","","","1"
"2022-01","Ontario","2016A000235","All-items","2002=100","17","units","0","v41691919","14.2","147.4","","","","1"
"2022-02","Ontario","2016A000235","All-items","2002=100","17","units","0","v41691919","14.2","148.8","","","","1"
"2022-03","Ontario","2016A000235","All-items","2002=100","17","units","0","v41691919","14.2","150.8","","","","1"
"2022-04","Ontario","2016A000235","All-items","2002=100","17","units","0","v41691919","14.2","151.6","","","","1"
"2022-05","Ontario","2016A000235","All-items","2002=100","17","units","0","v41691919","14.2","153.7","","","","1"
"2022-06","Ontario","2016A000235","All-items","2002=100","17","units","0","v41691919","14.2","154.4","","","","1"
"2022-07","Ontario","2016A000235","All-items","2002=100","17","units","0","v41691919","14.2","154.6","","","","1"
"2022-08","Ontario","2016A000235","All-items","2002=100","17","units","0","v41691919","14.2","154.1","","","","1"
"2022-09","Ontario","2016A000235","All-items","2002=100","17","units","0","v41691919","14.2","154.1","","","","1"
"2022-10","Ontario","2016A000235","All-items","2002=100","17","units","0","v41691919","14.2","155.2","","","","1"
"2022-11","Ontario","2016A000235","All-items","2002=100","17","units","0","v41691919","14.2","155.4","","","","1"
"2022-12","Ontario","2016A000235","All-items","2002=100","17","units","0","v41691919","14.2","154.8","","","","1"
"2023-01","Ontario","2016A000235","All-items","2002=100","17","units","0","v41691919","14.2","155.7","","","","1"
"2023-02","Ontario","2016A000235","All-items","2002=100","17","units","0","v41691919","14.2","156.4","","","","1"
"2023-03","Ontario","2016A000235","All-items","2002=100","17","units","0","v41691919","14.2","157.3","","","","1"
"2023-04","Ontario","2016A000235","All-items","2002=100","17","units","0","v41691919","14.2","157.9","","","","1"
"2023-05","Ontario","2016A000235","All-items","2002=100","17","units","0","v41691919","14.2","158.5","","","","1"
"2023-06","Ontario","2016A000235","All-items","2002=100","17","units","0","v41691919","14.2","158.4","","","","1"
"2023-07","Ontario","2016A000235","All-items","2002=100","17","units","0","v41691919","14.2","159.6","","","","1"
"2023-08","Ontario","2016A000235","All-items","2002=100","17","units","0","v41691919","14.2","159.9","","","","1"
"2023-09","Ontario","2016A000235","All-items","2002=100","17","units","0","v41691919","14.2","159.7","","","","1"
"2023-10","Ontario","2016A000235","All-items","2002=100","17","units","0","v41691919","14.2","160.3","","","","1"
"2023-11","Ontario","2016A000235","All-items","2002=100","17","units","0","v41691919","14.2","160.6","","","","1"
"2023-12","Ontario","2016A000235","All-items","2002=100","17","units","0","v41691919","14.2","160.0","","","","1"
"2024-01","Ontario","2016A000235","All-items","2002=100","17","units","0","v41691919","14.2","159.9","","","","1"
"2024-02","Ontario","2016A000235","All-items","2002=100","17","units","0","v41691919","14.2","160.2","","","","1"
"2024-03","Ontario","2016A000235","All-items","2002=100","17","units","0","v41691919","14.2","161.4","","","","1"
"2024-04","Ontario","2016A000235","All-items","2002=100","17","units","0","v41691919","14.2","162.2","","","","1"
"2024-05","Ontario","2016A000235","All-items","2002=100","17","units","0","v41691919","14.2","163.2","","","","1"
"2024-06","Ontario","2016A000235","All-items","2002=100","17","units","0","v41691919","14.2","163.1","","","","1"
"2024-07","Ontario","2016A000235","All-items","2002=100","17","units","0","v41691919","14.2","163.9","","","","1"
"2024-08","Ontario","2016A000235","All-items","2002=100","17","units","0","v41691919","14.2","163.3","","","","1"
"2024-09","Ontario","2016A000235","All-items","2002=100","17","units","0","v41691919","14.2","162.8","","","","1"
"2024-10","Ontario","2016A000235","All-items","2002=100","17","units","0","v41691919","14.2","163.5","","","","1"
"2024-11","Ontario","2016A000235","All-items","2002=100","17","units","0","v41691919","14.2","163.5","","","","1"
"2024-12","Ontario","2016A000235","All-items","2002=100","17","units","0","v41691919","14.2","162.7","","","","1"
"2025-01","Ontario","2016A000235","All-items","2002=100","17","units","0","v41691919","14.2","162.6","","","","1"
"2025-02","Ontario","2016A000235","All-items","2002=100","17","units","0","v41691919","14.2","164.6","","","","1"
"2025-03","Ontario","2016A000235","All-items","2002=100","17","units","0","v41691919","14.2","165.1","","","","1"
"2025-04","Ontario","2016A000235","All-items","2002=100","17","units","0","v41691919","14.2","164.8","","","","1"
"2025-05","Ontario","2016A000235","All-items","2002=100","17","units","0","v41691919","14.2","165.9","","","","1"
"2025-06","Ontario","2016A000235","All-items","2002=100","17","units","0","v41691919","14.2","166.0","","","","1"
"2025-07","Ontario","2016A000235","All-items","2002=100","17","units","0","v41691919","14.2","166.5","","","","1"
"2025-08","Ontario","2016A000235","All-items","2002=100","17","units","0","v41691919","14.2","166.0","","","","1"
"2025-09","Ontario","2016A000235","All-items","2002=100","17","units","0","v41691919","14.2","166.1","","","","1"
"2025-10","Ontario","2016A000235","All-items","2002=100","17","units","0","v41691919","14.2","166.4","","","","1"
"2025-11","Ontario","2016A000235","All-items","2002=100","17","units","0","v41691919","14.2","166.6","","","","1"
"2025-12","Ontario","2016A000235","All-items","2002=100","17","units","0","v41691919","14.2","166.1","","","","1"
"2019-01","Ontario","2016A000235","Food","2002=100","17","units","0","v41691920","14.3","151.6","","","","1"
"2019-02","Ontario","2016A000235","Food","2002=100","17","units","0","v41691920","14.3","151.9","","","","1"
"2019-03","Ontario","2016A000235","Food","2002=100","17","units","0","v41691920","14.3","151.9","","","","1"
"2019-04","Ontario","2016A000235","Food","2002=100","17","units","0","v41691920","14.3","151.8","","","","1"
"2019-05","Ontario","2016A000235","Food","2002=100","17","units","0","v41691920","14.3","152.7","","","","1"
"2019-06","Ontario","2016A000235","Food","2002=100","17","units","0","v41691920","14.3","153.7","","","","1"
"2019-07","Ontario","2016A000235","Food","2002=100","17","units","0","v41691920","14.3","153.8","","","","1"
"2019-08","Ontario","2016A000235","Food","2002=100","17","units","0","v41691920","14.3","153.3","","","","1"
"2019-09","Ontario","2016A000235","Food","2002=100","17","units","0","v41691920","14.3","151.9","","","","1"
"2019-10","Ontario","2016A000235","Food","2002=100","17","units","0","v41691920","14.3","151.4","","","","1"
"2019-11","Ontario","2016A000235","Food","2002=100","17","units","0","v41691920","14.3","152.6","","","","1"
"2019-12","Ontario","2016A000235","Food","2002=100","17","units","0","v41691920","14.3","154.2","","","","1"
"2020-01","Ontario","2016A000235","Food","2002=100","17","units","0","v41691920","14.3","155.3","","","","1"
"2020-02","Ontario","2016A000235","Food","2002=100","17","units","0","v41691920","14.3","154.4","","","","1"
"2020-03","Ontario","2016A000235","Food","2002=100","17","units","0","v41691920","14.3","154.5","","","","1"
"2020-04","Ontario","2016A000235","Food","2002=100","17","units","0","v41691920","14.3","156.4","","","","1"
"2020-05","Ontario","2016A000235","Food","2002=100","17","units","0","v41691920","14.3","156.1","","","","1"
"2020-06","Ontario","2016A000235","Food","2002=100","17","units","0","v41691920","14.3","156.6","","","","1"
"2020-07","Ontario","2016A000235","Food","2002=100","17","units","0","v41691920","14.3","157.0","","","","1"
"2020-08","Ontario","2016A000235","Food","2002=100","17","units","0","v41691920","14.3","155.9","","","","1"
"2020-09","Ontario","2016A000235","Food","2002=100","17","units","0","v41691920","14.3","154.6","","","","1"
"2020-10","Ontario","2016A000235","Food","2002=100","17","units","0","v41691920","14.3","155.0","","","","1"
"2020-11","Ontario","2016A000235","Food","2002=100","17","units","0","v41691920","14.3","155.3","","","","1"
"2020-12","Ontario","2016A000235","Food","2002=100","17","units","0","v41691920","14.3","155.2","","","","1"
"2021-01","Ontario","2016A000235","Food","2002=100","17","units","0","v41691920","14.3","157.1","","","","1"
"2021-02","Ontario","2016A000235","Food","2002=100","17","units","0","v41691920","14.3","157.1","","","","1"
"2021-03","Ontario","2016A000235","Food","2002=100","17","units","0","v41691920","14.3","157.6","","","","1"
"2021-04","Ontario","2016A000235","Food","2002=100","17","units","0","v41691920","14.3","157.2","","","","1"
"2021-05","Ontario","2016A000235","Food","2002=100","17","units","0","v41691920","14.3","158.1","","","","1"
"2021-06","Ontario","2016A000235","Food","2002=100","17","units","0","v41691920","14.3","158.1","","","","1"
"2021-07","Ontario","2016A000235","Food","2002=100","17","units","0","v41691920","14.3","159.2","","","","1"
"2021-08","Ontario","2016A000235","Food","2002=100","17","units","0","v41691920","14.3","160.0","","","","1"
"2021-09","Ontario","2016A000235","Food","2002=100","17","units","0","v41691920","14.3","160.3","","","","1"
"2021-10","Ontario","2016A000235","Food","2002=100","17","units","0","v41691920","14.3","160.6","","","","1"
"2021-11","Ontario","2016A000235","Food","2002=100","17","units","0","v41691920","14.3","162.8","","","","1"
"2021-12","Ontario","2016A000235","Food","2002=100","17","units","0","v41691920","14.3","164.1","","","","1"
"2022-01","Ontario","2016A000235","Food","2002=100","17","units","0","v41691920","14.3","166.7","","","","1"
"2022-02","Ontario","2016A000235","Food","2002=100","17","units","0","v41691920","14.3","168.8","","","","1"
"2022-03","Ontario","2016A000235","Food","2002=100","17","units","0","v41691920","14.3","170.5","","","","1"
"2022-04","Ontario","2016A000235","Food","2002=100","17","units","0","v41691920","14.3","171.6","","","","1"
"2022-05","Ontario","2016A000235","Food","2002=100","17","units","0","v41691920","14.3","173.4","","","","1"
"2022-06","Ontario","2016A000235","Food","2002=100","17","units","0","v41691920","14.3","173.2","","","","1"
"2022-07","Ontario","2016A000235","Food","2002=100","17","units","0","v41691920","14.3","174.6","","","","1"
"2022-08","Ontario","2016A000235","Food","2002=100","17","units","0","v41691920","14.3","175.9","","","","1"
"2022-09","Ontario","2016A000235","Food","2002=100","17","units","0","v41691920","14.3","176.9","","","","1"
"2022-10","Ontario","2016A000235","Food","2002=100","17","units","0","v41691920","14.3","176.4","","","","1"
"2022-11","Ontario","2016A000235","Food","2002=100","17","units","0","v41691920","14.3","178.8","","","","1"
"2022-12","Ontario","2016A000235","Food","2002=100","17","units","0","v41691920","14.3","180.4","","","","1"
"2023-01","Ontario","2016A000235","Food","2002=100","17","units","0","v41691920","14.3","183.5","","","","1"
"2023-02","Ontario","2016A000235","Food","2002=100","17","units","0","v41691920","14.3","184.6","","","","1"
"2023-03","Ontario","2016A000235","Food","2002=100","17","units","0","v41691920","14.3","185.2","","","","1"
"2023-04","Ontario","2016A000235","Food","2002=100","17","units","0","v41691920","14.3","185.3","","","","1"
"2023-05","Ontario","2016A000235","Food","2002=100","17","units","0","v41691920","14.3","187.0","","","","1"
"2023-06","Ontario","2016A000235","Food","2002=100","17","units","0","v41691920","14.3","186.5","","","","1"
"2023-07","Ontario","2016A000235","Food","2002=100","17","units","0","v41691920","14.3","187.2","","","","1"
"2023-08","Ontario","2016A000235","Food","2002=100","17","units","0","v41691920","14.3","187.0","","","","1"
"2023-09","Ontario","2016A000235","Food","2002=100","17","units","0","v41691920","14.3","186.7","","","","1"
"2023-10","Ontario","2016A000235","Food","2002=100","17","units","0","v41691920","14.3","186.5","","","","1"
"2023-11","Ontario","2016A000235","Food","2002=100","17","units","0","v41691920","14.3","187.9","","","","1"
"2023-12","Ontario","2016A000235","Food","2002=100","17","units","0","v41691920","14.3","187.8","","","","1"
"2024-01","Ontario","2016A000235","Food","2002=100","17","units","0","v41691920","14.3","189.5","","","","1"
"2024-02","Ontario","2016A000235","Food","2002=100","17","units","0","v41691920","14.3","189.3","","","","1"
"2024-03","Ontario","2016A000235","Food","2002=100","17","units","0","v41691920","14.3","189.4","","","","1"
"2024-04","Ontario","2016A000235","Food","2002=100","17","units","0","v41691920","14.3","189.2","","","","1"
"2024-05","Ontario","2016A000235","Food","2002=100","17","units","0","v41691920","14.3","190.7","","","","1"
"2024-06","Ontario","2016A000235","Food","2002=100","17","units","0","v41691920","14.3","192.3","","","","1"
"2024-07","Ontario","2016A000235","Food","2002=100","17","units","0","v41691920","14.3","192.7","","","","1"
"2024-08","Ontario","2016A000235","Food","2002=100","17","units","0","v41691920","14.3","192.4","","","","1"
"2024-09","Ontario","2016A000235","Food","2002=100","17","units","0","v41691920","14.3","192.5","","","","1"
"2024-10","Ontario","2016A000235","Food","2002=100","17","units","0","v41691920","14.3","193.1","","","","1"
"2024-11","Ontario","2016A000235","Food","2002=100","17","units","0","v41691920","14.3","193.9","","","","1"
"2024-12","Ontario","2016A000235","Food","2002=100","17","units","0","v41691920","14.3","188.3","","","","1"
"2025-01","Ontario","2016A000235","Food","2002=100","17","units","0","v41691920","14.3","186.1","","","","1"
"2025-02","Ontario","2016A000235","Food","2002=100","17","units","0","v41691920","14.3","190.8","","","","1"
"2025-03","Ontario","2016A000235","Food","2002=100","17","units","0","v41691920","14.3","195.3","","","","1"
"2025-04","Ontario","2016A000235","Food","2002=100","17","units","0","v41691920","14.3","196.3","","","","1"
"2025-05","Ontario","2016A000235","Food","2002=100","17","units","0","v41691920","14.3","197.5","","","","1"
"2025-06","Ontario","2016A000235","Food","2002=100","17","units","0","v41691920","14.3","198.1","","","","1"
"2025-07","Ontario","2016A000235","Food","2002=100","17","units","0","v41691920","14.3","199.3","","","","1"
"2025-08","Ontario","2016A000235","Food","2002=100","17","units","0","v41691920","14.3","199.3","","","","1"
"2025-09","Ontario","2016A000235","Food","2002=100","17","units","0","v41691920","14.3","199.9","","","","1"
"2025-10","Ontario","2016A000235","Food","2002=100","17","units","0","v41691920","14.3","199.5","","","","1"
"2025-11","Ontario","2016A000235","Food","2002=100","17","units","0","v41691920","14.3","201.9","","","","1"
"2025-12","Ontario","2016A000235","Food","2002=100","17","units","0","v41691920","14.3","202.4","","","","1"
"2019-01","Ontario","2016A000235","Shelter","2002=100","17","units","0","v41691952","14.79","145.0","","","","1"
"2019-02","Ontario","2016A000235","Shelter","2002=100","17","units","0","v41691952","14.79","145.5","","","","1"
"2019-03","Ontario","2016A000235","Shelter","2002=100","17","units","0","v41691952","14.79","145.8","","","","1"
"2019-04","Ontario","2016A000235","Shelter","2002=100","17","units","0","v41691952","14.79","146.5","","","","1"
"2019-05","Ontario","2016A000235","Shelter","2002=100","17","units","0","v41691952","14.79","146.6","","","","1"
"2019-06","Ontario","2016A000235","Shelter","2002=100","17","units","0","v41691952","14.79","146.8","","","","1"
"2019-07","Ontario","2016A000235","Shelter","2002=100","17","units","0","v41691952","14.79","147.3","","","","1"
"2019-08","Ontario","2016A000235","Shelter","2002=100","17","units","0","v41691952","14.79","147.4","","","","1"
"2019-09","Ontario","2016A000235","Shelter","2002=100","17","units","0","v41691952","14.79","147.3","","","","1"
"2019-10","Ontario","2016A000235","Shelter","2002=100","17","units","0","v41691952","14.79","148.3","","","","1"
"2019-11","Ontario","2016A000235","Shelter","2002=100","17","units","0","v41691952","14.79","148.6","","","","1"
"2019-12","Ontario","2016A000235","Shelter","2002=100","17","units","0","v41691952","14.79","148.9","","","","1"
"2020-01","Ontario","2016A000235","Shelter","2002=100","17","units","0","v41691952","14.79","149.0","","","","1"
"2020-02","Ontario","2016A000235","Shelter","2002=100","17","units","0","v41691952","14.79","149.3","","","","1"
"2020-03","Ontario","2016A000235","Shelter","2002=100","17","units","0","v41691952","14.79","149.3","","","","1"
"2020-04","Ontario","2016A000235","Shelter","2002=100","17","units","0","v41691952","14.79","148.4","","","","1"
"2020-05","Ontario","2016A000235","Shelter","2002=100","17","units","0","v41691952","14.79","148.0","","","","1"
"2020-06","Ontario","2016A000235","Shelter","2002=100","17","units","0","v41691952","14.79","149.7","","","","1"
"2020-07","Ontario","2016A000235","Shelter","2002=100","17","units","0","v41691952","14.79","149.5","","","","1"
"2020-08","Ontario","2016A000235","Shelter","2002=100","17","units","0","v41691952","14.79","150.2","","","","1"
"2020-09","Ontario","2016A000235","Shelter","2002=100","17","units","0","v41691952","14.79","150.5","","","","1"
"2020-10","Ontario","2016A000235","Shelter","2002=100","17","units","0","v41691952","14.79","152.2","","","","1"
"2020-11","Ontario","2016A000235","Shelter","2002=100","17","units","0","v41691952","14.79","152.4","","","","1"
"2020-12","Ontario","2016A000235","Shelter","2002=100","17","units","0","v41691952","14.79","152.3","","","","1"
"2021-01","Ontario","2016A000235","Shelter","2002=100","17","units","0","v41691952","14.79","151.1","","","","1"
"2021-02","Ontario","2016A000235","Shelter","2002=100","17","units","0","v41691952","14.79","151.9","","","","1"
"2021-03","Ontario","2016A000235","Shelter","2002=100","17","units","0","v41691952","14.79","153.5","","","","1"
"2021-04","Ontario","2016A000235","Shelter","2002=100","17","units","0","v41691952","14.79","154.6","","","","1"
"2021-05","Ontario","2016A000235","Shelter","2002=100","17","units","0","v41691952","14.79","155.7","","","","1"
"2021-06","Ontario","2016A000235","Shelter","2002=100","17","units","0","v41691952","14.79","156.9","","","","1"
"2021-07","Ontario","2016A000235","Shelter","2002=100","17","units","0","v41691952","14.79","157.2","","","","1"
"2021-08","Ontario","2016A000235","Shelter","2002=100","17","units","0","v41691952","14.79","157.4","","","","1"
"2021-09","Ontario","2016A000235","Shelter","2002=100","17","units","0","v41691952","14.79","158.4","","","","1"
"2021-10","Ontario","2016A000235","Shelter","2002=100","17","units","0","v41691952","14.79","159.8","","","","1"
"2021-11","Ontario","2016A000235","Shelter","2002=100","17","units","0","v41691952","14.79","160.5","","","","1"
"2021-12","Ontario","2016A000235","Shelter","2002=100","17","units","0","v41691952","14.79","161.5","","","","1"
"2022-01","Ontario","2016A000235","Shelter","2002=100","17","units","0","v41691952","14.79","161.8","","","","1"
"2022-02","Ontario","2016A000235","Shelter","2002=100","17","units","0","v41691952","14.79","162.8","","","","1"
"2022-03","Ontario","2016A000235","Shelter","2002=100","17","units","0","v41691952","14.79","164.8","","","","1"
"2022-04","Ontario","2016A000235","Shelter","2002=100","17","units","0","v41691952","14.79","166.4","","","","1"
"2022-05","Ontario","2016A000235","Shelter","2002=100","17","units","0","v41691952","14.79","167.2","","","","1"
"2022-06","Ontario","2016A000235","Shelter","2002=100","17","units","0","v41691952","14.79","167.4","","","","1"
"2022-07","Ontario","2016A000235","Shelter","2002=100","17","units","0","v41691952","14.79","168.8","","","","1"
"2022-08","Ontario","2016A000235","Shelter","2002=100","17","units","0","v41691952","14.79","168.6","","","","1"
"2022-09","Ontario","2016A000235","Shelter","2002=100","17","units","0","v41691952","14.79","169.4","","","","1"
"2022-10","Ontario","2016A000235","Shelter","2002=100","17","units","0","v41691952","14.79","170.7","","","","1"
"2022-11","Ontario","2016A000235","Shelter","2002=100","17","units","0","v41691952","14.79","171.6","","","","1"
"2022-12","Ontario","2016A000235","Shelter","2002=100","17","units","0","v41691952","14.79","172.0","","","","1"
"2023-01","Ontario","2016A000235","Shelter","2002=100","17","units","0","v41691952","14.79","172.8","","","","1"
"2023-02","Ontario","2016A000235","Shelter","2002=100","17","units","0","v41691952","14.79","173.1","","","","1"
"2023-03","Ontario","2016A000235","Shelter","2002=100","17","units","0","v41691952","14.79","173.8","","","","1"
"2023-04","Ontario","2016A000235","Shelter","2002=100","17","units","0","v41691952","14.79","174.0","","","","1"
"2023-05","Ontario","2016A000235","Shelter","2002=100","17","units","0","v41691952","14.79","174.6","","","","1"
"2023-06","Ontario","2016A000235","Shelter","2002=100","17","units","0","v41691952","14.79","175.4","","","","1"
"2023-07","Ontario","2016A000235","Shelter","2002=100","17","units","0","v41691952","14.79","176.3","","","","1"
"2023-08","Ontario","2016A000235","Shelter","2002=100","17","units","0","v41691952","14.79","177.2","","","","1"
"2023-09","Ontario","2016A000235","Shelter","2002=100","17","units","0","v41691952","14.79","177.7","","","","1"
"2023-10","Ontario","2016A000235","Shelter","2002=100","17","units","0","v41691952","14.79","179.8","","","","1"
"2023-11","Ontario","2016A000235","Shelter","2002=100","17","units","0","v41691952","14.79","180.2","","","","1"
"2023-12","Ontario","2016A000235","Shelter","2002=100","17","units","0","v41691952","14.79","181.3","","","","1"
"2024-01","Ontario","2016A000235","Shelter","2002=100","17","units","0","v41691952","14.79","181.8","","","","1"
"2024-02","Ontario","2016A000235","Shelter","2002=100","17","units","0","v41691952","14.79","182.5","","","","1"
"2024-03","Ontario","2016A000235","Shelter","2002=100","17","units","0","v41691952","14.79","183.4","","","","1"
"2024-04","Ontario","2016A000235","Shelter","2002=100","17","units","0","v41691952","14.79","183.7","","","","1"
"2024-05","Ontario","2016A000235","Shelter","2002=100","17","units","0","v41691952","14.79","185.2","","","","1"
"2024-06","Ontario","2016A000235","Shelter","2002=100","17","units","0","v41691952","14.79","185.5","","","","1"
"2024-07","Ontario","2016A000235","Shelter","2002=100","17","units","0","v41691952","14.79","185.9","","","","1"
"2024-08","Ontario","2016A000235","Shelter","2002=100","17","units","0","v41691952","14.79","186.4","","","","1"
"2024-09","Ontario","2016A000235","Shelter","2002=100","17","units","0","v41691952","14.79","186.6","","","","1"
"2024-10","Ontario","2016A000235","Shelter","2002=100","17","units","0","v41691952","14.79","187.7","","","","1"
"2024-11","Ontario","2016A000235","Shelter","2002=100","17","units","0","v41691952","14.79","188.1","","","","1"
"2024-12","Ontario","2016A000235","Shelter","2002=100","17","units","0","v41691952","14.79","188.8","","","","1"
"2025-01","Ontario","2016A000235","Shelter","2002=100","17","units","0","v41691952","14.79","189.4","","","","1"
"2025-02","Ontario","2016A000235","Shelter","2002=100","17","units","0","v41691952","14.79","189.8","","","","1"
"2025-03","Ontario","2016A000235","Shelter","2002=100","17","units","0","v41691952","14.79","189.7","","","","1"
"2025-04","Ontario","2016A000235","Shelter","2002=100","17","units","0","v41691952","14.79","189.3","","","","1"
"2025-05","Ontario","2016A000235","Shelter","2002=100","17","units","0","v41691952","14.79","189.1","","","","1"
"2025-06","Ontario","2016A000235","Shelter","2002=100","17","units","0","v41691952","14.79","189.3","","","","1"
"2025-07","Ontario","2016A000235","Shelter","2002=100","17","units","0","v41691952","14.79","189.9","","","","1"
"2025-08","Ontario","2016A000235","Shelter","2002=100","17","units","0","v41691952","14.79","189.6","","","","1"
"2025-09","Ontario","2016A000235","Shelter","2002=100","17","units","0","v41691952","14.79","189.5","","","","1"
"2025-10","Ontario","2016A000235","Shelter","2002=100","17","units","0","v41691952","14.79","189.9","","","","1"
"2025-11","Ontario","2016A000235","Shelter","2002=100","17","units","0","v41691952","14.79","190.2","","","","1"
"2025-12","Ontario","2016A000235","Shelter","2002=100","17","units","0","v41691952","14.79","190.0","","","","1"
"2019-01","Ontario","2016A000235","Transportation","2002=100","17","units","0","v41691988","14.176","137.0","","","","1"
"2019-02","Ontario","2016A000235","Transportation","2002=100","17","units","0","v41691988","14.176","138.0","","","","1"
"2019-03","Ontario","2016A000235","Transportation","2002=100","17","units","0","v41691988","14.176","140.5","","","","1"
"2019-04","Ontario","2016A000235","Transportation","2002=100","17","units","0","v41691988","14.176","142.7","","","","1"
"2019-05","Ontario","2016A000235","Transportation","2002=100","17","units","0","v41691988","14.176","143.8","","","","1"
"2019-06","Ontario","2016A000235","Transportation","2002=100","17","units","0","v41691988","14.176","143.2","","","","1"
"2019-07","Ontario","2016A000235","Transportation","2002=100","17","units","0","v41691988","14.176","145.2","","","","1"
"2019-08","Ontario","2016A000235","Transportation","2002=100","17","units","0","v41691988","14.176","144.3","","","","1"
"2019-09","Ontario","2016A000235","Transportation","2002=100","17","units","0","v41691988","14.176","141.1","","","","1"
"2019-10","Ontario","2016A000235","Transportation","2002=100","17","units","0","v41691988","14.176","142.0","","","","1"
"2019-11","Ontario","2016A000235","Transportation","2002=100","17","units","0","v41691988","14.176","142.6","","","","1"
"2019-12","Ontario","2016A000235","Transportation","2002=100","17","units","0","v41691988","14.176","144.4","","","","1"
"2020-01","Ontario","2016A000235","Transportation","2002=100","17","units","0","v41691988","14.176","144.1","","","","1"
"2020-02","Ontario","2016A000235","Transportation","2002=100","17","units","0","v41691988","14.176","144.6","","","","1"
"2020-03","Ontario","2016A000235","Transportation","2002=100","17","units","0","v41691988","14.176","139.3","","","","1"
"2020-04","Ontario","2016A000235","Transportation","2002=100","17","units","0","v41691988","14.176","138.3","","","","1"
"2020-05","Ontario","2016A000235","Transportation","2002=100","17","units","0","v41691988","14.176","140.8","","","","1"
"2020-06","Ontario","2016A000235","Transportation","2002=100","17","units","0","v41691988","14.176","143.5","","","","1"
"2020-07","Ontario","2016A000235","Transportation","2002=100","17","units","0","v41691988","14.176","143.7","","","","1"
"2020-08","Ontario","2016A000235","Transportation","2002=100","17","units","0","v41691988","14.176","142.4","","","","1"
"2020-09","Ontario","2016A000235","Transportation","2002=100","17","units","0","v41691988","14.176","140.8","","","","1"
"2020-10","Ontario","2016A000235","Transportation","2002=100","17","units","0","v41691988","14.176","141.4","","","","1"
"2020-11","Ontario","2016A000235","Transportation","2002=100","17","units","0","v41691988","14.176","141.7","","","","1"
"2020-12","Ontario","2016A000235","Transportation","2002=100","17","units","0","v41691988","14.176","142.7","","","","1"
"2021-01","Ontario","2016A000235","Transportation","2002=100","17","units","0","v41691988","14.176","145.3","","","","1"
"2021-02","Ontario","2016A000235","Transportation","2002=100","17","units","0","v41691988","14.176","147.5","","","","1"
"2021-03","Ontario","2016A000235","Transportation","2002=100","17","units","0","v41691988","14.176","149.0","","","","1"
"2021-04","Ontario","2016A000235","Transportation","2002=100","17","units","0","v41691988","14.176","149.7","","","","1"
"2021-05","Ontario","2016A000235","Transportation","2002=100","17","units","0","v41691988","14.176","150.9","","","","1"
"2021-06","Ontario","2016A000235","Transportation","2002=100","17","units","0","v41691988","14.176","151.6","","","","1"
"2021-07","Ontario","2016A000235","Transportation","2002=100","17","units","0","v41691988","14.176","152.1","","","","1"
"2021-08","Ontario","2016A000235","Transportation","2002=100","17","units","0","v41691988","14.176","153.8","","","","1"
"2021-09","Ontario","2016A000235","Transportation","2002=100","17","units","0","v41691988","14.176","153.4","","","","1"
"2021-10","Ontario","2016A000235","Transportation","2002=100","17","units","0","v41691988","14.176","155.8","","","","1"
"2021-11","Ontario","2016A000235","Transportation","2002=100","17","units","0","v41691988","14.176","155.7","","","","1"
"2021-12","Ontario","2016A000235","Transportation","2002=100","17","units","0","v41691988","14.176","155.0","","","","1"
"2022-01","Ontario","2016A000235","Transportation","2002=100","17","units","0","v41691988","14.176","157.5","","","","1"
"2022-02","Ontario","2016A000235","Transportation","2002=100","17","units","0","v41691988","14.176","160.8","","","","1"
"2022-03","Ontario","2016A000235","Transportation","2002=100","17","units","0","v41691988","14.176","165.1","","","","1"
"2022-04","Ontario","2016A000235","Transportation","2002=100","17","units","0","v41691988","14.176","165.9","","","","1"
"2022-05","Ontario","2016A000235","Transportation","2002=100","17","units","0","v41691988","14.176","171.9","","","","1"
"2022-06","Ontario","2016A000235","Transportation","2002=100","17","units","0","v41691988","14.176","175.1","","","","1"
"2022-07","Ontario","2016A000235","Transportation","2002=100","17","units","0","v41691988","14.176","171.2","","","","1"
"2022-08","Ontario","2016A000235","Transportation","2002=100","17","units","0","v41691988","14.176","167.7","","","","1"
"2022-09","Ontario","2016A000235","Transportation","2002=100","17","units","0","v41691988","14.176","163.8","","","","1"
"2022-10","Ontario","2016A000235","Transportation","2002=100","17","units","0","v41691988","14.176","167.6","","","","1"
"2022-11","Ontario","2016A000235","Transportation","2002=100","17","units","0","v41691988","14.176","166.9","","","","1"
"2022-12","Ontario","2016A000235","Transportation","2002=100","17","units","0","v41691988","14.176","163.0","","","","1"
"2023-01","Ontario","2016A000235","Transportation","2002=100","17","units","0","v41691988","14.176","164.3","","","","1"
"2023-02","Ontario","2016A000235","Transportation","2002=100","17","units","0","v41691988","14.176","163.2","","","","1"
"2023-03","Ontario","2016A000235","Transportation","2002=100","17","units","0","v41691988","14.176","164.1","","","","1"
"2023-04","Ontario","2016A000235","Transportation","2002=100","17","units","0","v41691988","14.176","167.1","","","","1"
"2023-05","Ontario","2016A000235","Transportation","2002=100","17","units","0","v41691988","14.176","166.8","","","","1"
"2023-06","Ontario","2016A000235","Transportation","2002=100","17","units","0","v41691988","14.176","168.9","","","","1"
"2023-07","Ontario","2016A000235","Transportation","2002=100","17","units","0","v41691988","14.176","171.6","","","","1"
"2023-08","Ontario","2016A000235","Transportation","2002=100","17","units","0","v41691988","14.176","172.6","","","","1"
"2023-09","Ontario","2016A000235","Transportation","2002=100","17","units","0","v41691988","14.176","170.8","","","","1"
"2023-10","Ontario","2016A000235","Transportation","2002=100","17","units","0","v41691988","14.176","168.1","","","","1"
"2023-11","Ontario","2016A000235","Transportation","2002=100","17","units","0","v41691988","14.176","167.6","","","","1"
"2023-12","Ontario","2016A000235","Transportation","2002=100","17","units","0","v41691988","14.176","169.3","","","","1"
"2024-01","Ontario","2016A000235","Transportation","2002=100","17","units","0","v41691988","14.176","167.2","","","","1"
"2024-02","Ontario","2016A000235","Transportation","2002=100","17","units","0","v41691988","14.176","168.2","","","","1"
"2024-03","Ontario","2016A000235","Transportation","2002=100","17","units","0","v41691988","14.176","170.3","","","","1"
"2024-04","Ontario","2016A000235","Transportation","2002=100","17","units","0","v41691988","14.176","173.3","","","","1"
"2024-05","Ontario","2016A000235","Transportation","2002=100","17","units","0","v41691988","14.176","173.6","","","","1"
"2024-06","Ontario","2016A000235","Transportation","2002=100","17","units","0","v41691988","14.176","173.9","","","","1"
"2024-07","Ontario","2016A000235","Transportation","2002=100","17","units","0","v41691988","14.176","176.0","","","","1"
"2024-08","Ontario","2016A000235","Transportation","2002=100","17","units","0","v41691988","14.176","173.4","","","","1"
"2024-09","Ontario","2016A000235","Transportation","2002=100","17","units","0","v41691988","14.176","169.3","","","","1"
"2024-10","Ontario","2016A000235","Transportation","2002=100","17","units","0","v41691988","14.176","170.5","","","","1"
"2024-11","Ontario","2016A000235","Transportation","2002=100","17","units","0","v41691988","14.176","171.1","","","","1"
"2024-12","Ontario","2016A000235","Transportation","2002=100","17","units","0","v41691988","14.176","174.6","","","","1"
"2025-01","Ontario","2016A000235","Transportation","2002=100","17","units","0","v41691988","14.176","173.6","","","","1"
"2025-02","Ontario","2016A000235","Transportation","2002=100","17","units","0","v41691988","14.176","173.8","","","","1"
"2025-03","Ontario","2016A000235","Transportation","2002=100","17","units","0","v41691988","14.176","173.6","","","","1"
"2025-04","Ontario","2016A000235","Transportation","2002=100","17","units","0","v41691988","14.176","169.9","","","","1"
"2025-05","Ontario","2016A000235","Transportation","2002=100","17","units","0","v41691988","14.176","171.4","","","","1"
"2025-06","Ontario","2016A000235","Transportation","2002=100","17","units","0","v41691988","14.176","172.3","","","","1"
"2025-07","Ontario","2016A000235","Transportation","2002=100","17","units","0","v41691988","14.176","173.3","","","","1"
"2025-08","Ontario","2016A000235","Transportation","2002=100","17","units","0","v41691988","14.176","172.2","","","","1"
"2025-09","Ontario","2016A000235","Transportation","2002=100","17","units","0","v41691988","14.176","171.3","","","","1"
"2025-10","Ontario","2016A000235","Transportation","2002=100","17","units","0","v41691988","14.176","170.6","","","","1"
"2025-11","Ontario","2016A000235","Transportation","2002=100","17","units","0","v41691988","14.176","171.6","","","","1"
"2025-12","Ontario","2016A000235","Transportation","2002=100","17","units","0","v41691988","14.176","172.6","","","","1"
"2019-01","Ontario","2016A000235","Energy","2002=100","17","units","0","v41692051","14.288","146.2","","","","1"
"2019-02","Ontario","2016A000235","Energy","2002=100","17","units","0","v41692051","14.288","145.8","","","","1"
"2019-03","Ontario","2016A000235","Energy","2002=100","17","units","0","v41692051","14.288","155.4","","","","1"
"2019-04","Ontario","2016A000235","Energy","2002=100","17","units","0","v41692051","14.288","165.4","","","","1"
"2019-05","Ontario","2016A000235","Energy","2002=100","17","units","0","v41692051","14.288","167.1","","","","1"
"2019-06","Ontario","2016A000235","Energy","2002=100","17","units","0","v41692051","14.288","161.1","","","","1"
"2019-07","Ontario","2016A000235","Energy","2002=100","17","units","0","v41692051","14.288","165.5","","","","1"
"2019-08","Ontario","2016A000235","Energy","2002=100","17","units","0","v41692051","14.288","160.7","","","","1"
"2019-09","Ontario","2016A000235","Energy","2002=100","17","units","0","v41692051","14.288","159.5","","","","1"
"2019-10","Ontario","2016A000235","Energy","2002=100","17","units","0","v41692051","14.288","158.0","","","","1"
"2019-11","Ontario","2016A000235","Energy","2002=100","17","units","0","v41692051","14.288","159.0","","","","1"
"2019-12","Ontario","2016A000235","Energy","2002=100","17","units","0","v41692051","14.288","158.7","","","","1"
"2020-01","Ontario","2016A000235","Energy","2002=100","17","units","0","v41692051","14.288","158.1","","","","1"
"2020-02","Ontario","2016A000235","Energy","2002=100","17","units","0","v41692051","14.288","155.3","","","","1"
"2020-03","Ontario","2016A000235","Energy","2002=100","17","units","0","v41692051","14.288","136.7","","","","1"
"2020-04","Ontario","2016A000235","Energy","2002=100","17","units","0","v41692051","14.288","125.6","","","","1"
"2020-05","Ontario","2016A000235","Energy","2002=100","17","units","0","v41692051","14.288","133.4","","","","1"
"2020-06","Ontario","2016A000235","Energy","2002=100","17","units","0","v41692051","14.288","146.3","","","","1"
"2020-07","Ontario","2016A000235","Energy","2002=100","17","units","0","v41692051","14.288","149.6","","","","1"
"2020-08","Ontario","2016A000235","Energy","2002=100","17","units","0","v41692051","14.288","149.3","","","","1"
"2020-09","Ontario","2016A000235","Energy","2002=100","17","units","0","v41692051","14.288","147.8","","","","1"
"2020-10","Ontario","2016A000235","Energy","2002=100","17","units","0","v41692051","14.288","150.5","","","","1"
"2020-11","Ontario","2016A000235","Energy","2002=100","17","units","0","v41692051","14.288","150.0","","","","1"
"2020-12","Ontario","2016A000235","Energy","2002=100","17","units","0","v41692051","14.288","153.2","","","","1"
"2021-01","Ontario","2016A000235","Energy","2002=100","17","units","0","v41692051","14.288","150.4","","","","1"
"2021-02","Ontario","2016A000235","Energy","2002=100","17","units","0","v41692051","14.288","156.8","","","","1"
"2021-03","Ontario","2016A000235","Energy","2002=100","17","units","0","v41692051","14.288","166.0","","","","1"
"2021-04","Ontario","2016A000235","Energy","2002=100","17","units","0","v41692051","14.288","170.1","","","","1"
"2021-05","Ontario","2016A000235","Energy","2002=100","17","units","0","v41692051","14.288","173.2","","","","1"
"2021-06","Ontario","2016A000235","Energy","2002=100","17","units","0","v41692051","14.288","174.9","","","","1"
"2021-07","Ontario","2016A000235","Energy","2002=100","17","units","0","v41692051","14.288","177.1","","","","1"
"2021-08","Ontario","2016A000235","Energy","2002=100","17","units","0","v41692051","14.288","177.8","","","","1"
"2021-09","Ontario","2016A000235","Energy","2002=100","17","units","0","v41692051","14.288","178.4","","","","1"
"2021-10","Ontario","2016A000235","Energy","2002=100","17","units","0","v41692051","14.288","187.8","","","","1"
"2021-11","Ontario","2016A000235","Energy","2002=100","17","units","0","v41692051","14.288","187.9","","","","1"
"2021-12","Ontario","2016A000235","Energy","2002=100","17","units","0","v41692051","14.288","182.8","","","","1"
"2022-01","Ontario","2016A000235","Energy","2002=100","17","units","0","v41692051","14.288","187.0","","","","1"
"2022-02","Ontario","2016A000235","Energy","2002=100","17","units","0","v41692051","14.288","197.5","","","","1"
"2022-03","Ontario","2016A000235","Energy","2002=100","17","units","0","v41692051","14.288","212.4","","","","1"
"2022-04","Ontario","2016A000235","Energy","2002=100","17","units","0","v41692051","14.288","215.5","","","","1"
"2022-05","Ontario","2016A000235","Energy","2002=100","17","units","0","v41692051","14.288","234.6","","","","1"
"2022-06","Ontario","2016A000235","Energy","2002=100","17","units","0","v41692051","14.288","239.6","","","","1"
"2022-07","Ontario","2016A000235","Energy","2002=100","17","units","0","v41692051","14.288","227.0","","","","1"
"2022-08","Ontario","2016A000235","Energy","2002=100","17","units","0","v41692051","14.288","215.3","","","","1"
"2022-09","Ontario","2016A000235","Energy","2002=100","17","units","0","v41692051","14.288","203.1","","","","1"
"2022-10","Ontario","2016A000235","Energy","2002=100","17","units","0","v41692051","14.288","216.4","","","","1"
"2022-11","Ontario","2016A000235","Energy","2002=100","17","units","0","v41692051","14.288","214.3","","","","1"
"2022-12","Ontario","2016A000235","Energy","2002=100","17","units","0","v41692051","14.288","197.6","","","","1"
"2023-01","Ontario","2016A000235","Energy","2002=100","17","units","0","v41692051","14.288","203.8","","","","1"
"2023-02","Ontario","2016A000235","Energy","2002=100","17","units","0","v41692051","14.288","200.7","","","","1"
"2023-03","Ontario","2016A000235","Energy","2002=100","17","units","0","v41692051","14.288","201.0","","","","1"
"2023-04","Ontario","2016A000235","Energy","2002=100","17","units","0","v41692051","14.288","203.6","","","","1"
"2023-05","Ontario","2016A000235","Energy","2002=100","17","units","0","v41692051","14.288","202.7","","","","1"
"2023-06","Ontario","2016A000235","Energy","2002=100","17","units","0","v41692051","14.288","205.0","","","","1"
"2023-07","Ontario","2016A000235","Energy","2002=100","17","units","0","v41692051","14.288","208.2","","","","1"
"2023-08","Ontario","2016A000235","Energy","2002=100","17","units","0","v41692051","14.288","214.4","","","","1"
"2023-09","Ontario","2016A000235","Energy","2002=100","17","units","0","v41692051","14.288","211.9","","","","1"
"2023-10","Ontario","2016A000235","Energy","2002=100","17","units","0","v41692051","14.288","202.3","","","","1"
"2023-11","Ontario","2016A000235","Energy","2002=100","17","units","0","v41692051","14.288","200.3","","","","1"
"2023-12","Ontario","2016A000235","Energy","2002=100","17","units","0","v41692051","14.288","196.0","","","","1"
"2024-01","Ontario","2016A000235","Energy","2002=100","17","units","0","v41692051","14.288","195.7","","","","1"
"2024-02","Ontario","2016A000235","Energy","2002=100","17","units","0","v41692051","14.288","199.7","","","","1"
"2024-03","Ontario","2016A000235","Energy","2002=100","17","units","0","v41692051","14.288","203.9","","","","1"
"2024-04","Ontario","2016A000235","Energy","2002=100","17","units","0","v41692051","14.288","214.0","","","","1"
"2024-05","Ontario","2016A000235","Energy","2002=100","17","units","0","v41692051","14.288","212.3","","","","1"
"2024-06","Ontario","2016A000235","Energy","2002=100","17","units","0","v41692051","14.288","209.3","","","","1"
"2024-07","Ontario","2016A000235","Energy","2002=100","17","units","0","v41692051","14.288","213.1","","","","1"
"2024-08","Ontario","2016A000235","Energy","2002=100","17","units","0","v41692051","14.288","208.2","","","","1"
"2024-09","Ontario","2016A000235","Energy","2002=100","17","units","0","v41692051","14.288","198.2","","","","1"
"2024-10","Ontario","2016A000235","Energy","2002=100","17","units","0","v41692051","14.288","199.4","","","","1"
"2024-11","Ontario","2016A000235","Energy","2002=100","17","units","0","v41692051","14.288","200.1","","","","1"
"2024-12","Ontario","2016A000235","Energy","2002=100","17","units","0","v41692051","14.288","199.7","","","","1"
"2025-01","Ontario","2016A000235","Energy","2002=100","17","units","0","v41692051","14.288","205.4","","","","1"
"2025-02","Ontario","2016A000235","Energy","2002=100","17","units","0","v41692051","14.288","204.9","","","","1"
"2025-03","Ontario","2016A000235","Energy","2002=100","17","units","0","v41692051","14.288","203.3","","","","1"
"2025-04","Ontario","2016A000235","Energy","2002=100","17","units","0","v41692051","14.288","181.8","","","","1"
"2025-05","Ontario","2016A000235","Energy","2002=100","17","units","0","v41692051","14.288","184.4","","","","1"
"2025-06","Ontario","2016A000235","Energy","2002=100","17","units","0","v41692051","14.288","184.1","","","","1"
"2025-07","Ontario","2016A000235","Energy","2002=100","17","units","0","v41692051","14.288","187.2","","","","1"
"2025-08","Ontario","2016A000235","Energy","2002=100","17","units","0","v41692051","14.288","187.8","","","","1"
"2025-09","Ontario","2016A000235","Energy","2002=100","17","units","0","v41692051","14.288","190.4","","","","1"
"2025-10","Ontario","2016A000235","Energy","2002=100","17","units","0","v41692051","14.288","180.3","","","","1"
"2025-11","Ontario","2016A000235","Energy","2002=100","17","units","0","v41692051","14.288","186.2","","","","1"
"2025-12","Ontario","2016A000235","Energy","2002=100","17","units","0","v41692051","14.288","177.4","","","","1"


