"REF_DATE","GEO","DGUID","Labour force characteristics","Gender","Age group","Statistics","Data type","UOM","UOM_ID","SCALAR_FACTOR","SCALAR_ID","VECTOR","COORDINATE","VALUE","STATUS","SYMBOL","TERMINATED","DECIMALS"
"2019-01","Ontario","2021A000235","Employment","Total - Gender","15 years and over","Estimate","Seasonally adjusted","Persons in thousands","428","thousands","3","v2063945","7.3.1.1.1.1","7322.6","","","","1"
"2019-02","Ontario","2021A000235","Employment","Total - Gender","15 years and over","Estimate","Seasonally adjusted","Persons in thousands","428","thousands","3","v2063945","7.3.1.1.1.1","7358.8","","","","1"
"2019-03","Ontario","2021A000235","Employment","Total - Gender","15 years and over","Estimate","Seasonally adjusted","Persons in thousands","428","thousands","3","v2063945","7.3.1.1.1.1","7344.4","","","","1"
"2019-04","Ontario","2021A000235","Employment","Total - Gender","15 years and over","Estimate","Seasonally adjusted","Persons in thousands","428","thousands","3","v2063945","7.3.1.1.1.1","7381.4","","","","1"
"2019-05","Ontario","2021A000235","Employment","Total - Gender","15 years and over","Estimate","Seasonally adjusted","Persons in thousands","428","thousands","3","v2063945","7.3.1.1.1.1","7403.4","","","","1"
"2019-06","Ontario","2021A000235","Employment","Total - Gender","15 years and over","Estimate","Seasonally adjusted","Persons in thousands","428","thousands","3","v2063945","7.3.1.1.1.1","7403.6","","","","1"
"2019-07","Ontario","2021A000235","Employment","Total - Gender","15 years and over","Estimate","Seasonally adjusted","Persons in thousands","428","thousands","3","v2063945","7.3.1.1.1.1","7391.8","","","","1"
"2019-08","Ontario","2021A000235","Employment","Total - Gender","15 years and over","Estimate","Seasonally adjusted","Persons in thousands","428","thousands","3","v2063945","7.3.1.1.1.1","7446.6","","","","1"
"2019-09","Ontario","2021A000235","Employment","Total - Gender","15 years and over","Estimate","Seasonally adjusted","Persons in thousands","428","thousands","3","v2063945","7.3.1.1.1.1","7458.7","","","","1"
"2019-10","Ontario","2021A000235","Employment","Total - Gender","15 years and over","Estimate","Seasonally adjusted","Persons in thousands","428","thousands","3","v2063945","7.3.1.1.1.1","7444.6","","","","1"
"2019-11","Ontario","2021A000235","Employment","Total - Gender","15 years and over","Estimate","Seasonally adjusted","Persons in thousands","428","thousands","3","v2063945","7.3.1.1.1.1","7471.4","","","","1"
"2019-12","Ontario","2021A000235","Employment","Total - Gender","15 years and over","Estimate","Seasonally adjusted","Persons in thousands","428","thousands","3","v2063945","7.3.1.1.1.1","7506.1","","","","1"
"2020-01","Ontario","2021A000235","Employment","Total - Gender","15 years and over","Estimate","Seasonally adjusted","Persons in thousands","428","thousands","3","v2063945","7.3.1.1.1.1","7516.9","","","","1"
"2020-02","Ontario","2021A000235","Employment","Total - Gender","15 years and over","Estimate","Seasonally adjusted","Persons in thousands","428","thousands","3","v2063945","7.3.1.1.1.1","7501.2","","","","1"
"2020-03","Ontario","2021A000235","Employment","Total - Gender","15 years and over","Estimate","Seasonally adjusted","Persons in thousands","428","thousands","3","v2063945","7.3.1.1.1.1","7036.8","","","","1"
"2020-04","Ontario","2021A000235","Employment","Total - Gender","15 years and over","Estimate","Seasonally adjusted","Persons in thousands","428","thousands","3","v2063945","7.3.1.1.1.1","6346.9","","","","1"
"2020-05","Ontario","2021A000235","Employment","Total - Gender","15 years and over","Estimate","Seasonally adjusted","Persons in thousands","428","thousands","3","v2063945","7.3.1.1.1.1","6334.0","","","","1"
"2020-06","Ontario","2021A000235","Employment","Total - Gender","15 years and over","Estimate","Seasonally adjusted","Persons in thousands","428","thousands","3","v2063945","7.3.1.1.1.1","6751.4","","","","1"
"2020-07","Ontario","2021A000235","Employment","Total - Gender","15 years and over","Estimate","Seasonally adjusted","Persons in thousands","428","thousands","3","v2063945","7.3.1.1.1.1","6913.9","","","","1"
"2020-08","Ontario","2021A000235","Employment","Total - Gender","15 years and over","Estimate","Seasonally adjusted","Persons in thousands","428","thousands","3","v2063945","7.3.1.1.1.1","7047.5","","","","1"
"2020-09","Ontario","2021A000235","Employment","Total - Gender","15 years and over","Estimate","Seasonally adjusted","Persons in thousands","428","thousands","3","v2063945","7.3.1.1.1.1","7234.2","","","","1"
"2020-10","Ontario","2021A000235","Employment","Total - Gender","15 years and over","Estimate","Seasonally adjusted","Persons in thousands","428","thousands","3","v2063945","7.3.1.1.1.1","7278.1","","","","1"
"2020-11","Ontario","2021A000235","Employment","Total - Gender","15 years and over","Estimate","Seasonally adjusted","Persons in thousands","428","thousands","3","v2063945","7.3.1.1.1.1","7302.9","","","","1"
"2020-12","Ontario","2021A000235","Employment","Total - Gender","15 years and over","Estimate","Seasonally adjusted","Persons in thousands","428","thousands","3","v2063945","7.3.1.1.1.1","7288.2","","","","1"
"2021-01","Ontario","2021A000235","Employment","Total - Gender","15 years and over","Estimate","Seasonally adjusted","Persons in thousands","428","thousands","3","v2063945","7.3.1.1.1.1","7112.7","","","","1"
"2021-02","Ontario","2021A000235","Employment","Total - Gender","15 years and over","Estimate","Seasonally adjusted","Persons in thousands","428","thousands","3","v2063945","7.3.1.1.1.1","7227.6","","","","1"
"2021-03","Ontario","2021A000235","Employment","Total - Gender","15 years and over","Estimate","Seasonally adjusted","Persons in thousands","428","thousands","3","v2063945","7.3.1.1.1.1","7371.8","","","","1"
"2021-04","Ontario","2021A000235","Employment","Total - Gender","15 years and over","Estimate","Seasonally adjusted","Persons in thousands","428","thousands","3","v2063945","7.3.1.1.1.1","7228.9","","","","1"
"2021-05","Ontario","2021A000235","Employment","Total - Gender","15 years and over","Estimate","Seasonally adjusted","Persons in thousands","428","thousands","3","v2063945","7.3.1.1.1.1","7196.4","","","","1"
"2021-06","Ontario","2021A000235","Employment","Total - Gender","15 years and over","Estimate","Seasonally adjusted","Persons in thousands","428","thousands","3","v2063945","7.3.1.1.1.1","7324.7","","","","1"
"2021-07","Ontario","2021A000235","Employment","Total - Gender","15 years and over","Estimate","Seasonally adjusted","Persons in thousands","428","thousands","3","v2063945","7.3.1.1.1.1","7429.9","","","","1"
"2021-08","Ontario","2021A000235","Employment","Total - Gender","15 years and over","Estimate","Seasonally adjusted","Persons in thousands","428","thousands","3","v2063945","7.3.1.1.1.1","7463.1","","","","1"
"2021-09","Ontario","2021A000235","Employment","Total - Gender","15 years and over","Estimate","Seasonally adjusted","Persons in thousands","428","thousands","3","v2063945","7.3.1.1.1.1","7553.1","","","","1"
"2021-10","Ontario","2021A000235","Employment","Total - Gender","15 years and over","Estimate","Seasonally adjusted","Persons in thousands","428","thousands","3","v2063945","7.3.1.1.1.1","7596.9","","","","1"
"2021-11","Ontario","2021A000235","Employment","Total - Gender","15 years and over","Estimate","Seasonally adjusted","Persons in thousands","428","thousands","3","v2063945","7.3.1.1.1.1","7662.2","","","","1"
"2021-12","Ontario","2021A000235","Employment","Total - Gender","15 years and over","Estimate","Seasonally adjusted","Persons in thousands","428","thousands","3","v2063945","7.3.1.1.1.1","7716.4","","","","1"
"2022-01","Ontario","2021A000235","Employment","Total - Gender","15 years and over","Estimate","Seasonally adjusted","Persons in thousands","428","thousands","3","v2063945","7.3.1.1.1.1","7552.3","","","","1"
"2022-02","Ontario","2021A000235","Employment","Total - Gender","15 years and over","Estimate","Seasonally adjusted","Persons in thousands","428","thousands","3","v2063945","7.3.1.1.1.1","7737.9","","","","1"
"2022-03","Ontario","2021A000235","Employment","Total - Gender","15 years and over","Estimate","Seasonally adjusted","Persons in thousands","428","thousands","3","v2063945","7.3.1.1.1.1","7753.1","","","","1"
"2022-04","Ontario","2021A000235","Employment","Total - Gender","15 years and over","Estimate","Seasonally adjusted","Persons in thousands","428","thousands","3","v2063945","7.3.1.1.1.1","7784.2","","","","1"
"2022-05","Ontario","2021A000235","Employment","Total - Gender","15 years and over","Estimate","Seasonally adjusted","Persons in thousands","428","thousands","3","v2063945","7.3.1.1.1.1","7791.0","","","","1"
"2022-06","Ontario","2021A000235","Employment","Total - Gender","15 years and over","Estimate","Seasonally adjusted","Persons in thousands","428","thousands","3","v2063945","7.3.1.1.1.1","7773.1","","","","1"
"2022-07","Ontario","2021A000235","Employment","Total - Gender","15 years and over","Estimate","Seasonally adjusted","Persons in thousands","428","thousands","3","v2063945","7.3.1.1.1.1","7788.2","","","","1"
"2022-08","Ontario","2021A000235","Employment","Total - Gender","15 years and over","Estimate","Seasonally adjusted","Persons in thousands","428","thousands","3","v2063945","7.3.1.1.1.1","7772.8","","","","1"
"2022-09","Ontario","2021A000235","Employment","Total - Gender","15 years and over","Estimate","Seasonally adjusted","Persons in thousands","428","thousands","3","v2063945","7.3.1.1.1.1","7751.2","","","","1"
"2022-10","Ontario","2021A000235","Employment","Total - Gender","15 years and over","Estimate","Seasonally adjusted","Persons in thousands","428","thousands","3","v2063945","7.3.1.1.1.1","7804.3","","","","1"
"2022-11","Ontario","2021A000235","Employment","Total - Gender","15 years and over","Estimate","Seasonally adjusted","Persons in thousands","428","thousands","3","v2063945","7.3.1.1.1.1","7819.5","","","","1"
"2022-12","Ontario","2021A000235","Employment","Total - Gender","15 years and over","Estimate","Seasonally adjusted","Persons in thousands","428","thousands","3","v2063945","7.3.1.1.1.1","7864.0","","","","1"
"2023-01","Ontario","2021A000235","Employment","Total - Gender","15 years and over","Estimate","Seasonally adjusted","Persons in thousands","428","thousands","3","v2063945","7.3.1.1.1.1","7900.4","","","","1"
"2023-02","Ontario","2021A000235","Employment","Total - Gender","15 years and over","Estimate","Seasonally adjusted","Persons in thousands","428","thousands","3","v2063945","7.3.1.1.1.1","7932.1","","","","1"
"2023-03","Ontario","2021A000235","Employment","Total - Gender","15 years and over","Estimate","Seasonally adjusted","Persons in thousands","428","thousands","3","v2063945","7.3.1.1.1.1","7961.7","","","","1"
"2023-04","Ontario","2021A000235","Employment","Total - Gender","15 years and over","Estimate","Seasonally adjusted","Persons in thousands","428","thousands","3","v2063945","7.3.1.1.1.1","7992.2","","","","1"
"2023-05","Ontario","2021A000235","Employment","Total - Gender","15 years and over","Estimate","Seasonally adjusted","Persons in thousands","428","thousands","3","v2063945","7.3.1.1.1.1","7981.3","","","","1"
"2023-06","Ontario","2021A000235","Employment","Total - Gender","15 years and over","Estimate","Seasonally adjusted","Persons in thousands","428","thousands","3","v2063945","7.3.1.1.1.1","8029.9","","","","1"
"2023-07","Ontario","2021A000235","Employment","Total - Gender","15 years and over","Estimate","Seasonally adjusted","Persons in thousands","428","thousands","3","v2063945","7.3.1.1.1.1","8037.7","","","","1"
"2023-08","Ontario","2021A000235","Employment","Total - Gender","15 years and over","Estimate","Seasonally adjusted","Persons in thousands","428","thousands","3","v2063945","7.3.1.1.1.1","8052.4","","","","1"
"2023-09","Ontario","2021A000235","Employment","Total - Gender","15 years and over","Estimate","Seasonally adjusted","Persons in thousands","428","thousands","3","v2063945","7.3.1.1.1.1","8067.1","","","","1"
"2023-10","Ontario","2021A000235","Employment","Total - Gender","15 years and over","Estimate","Seasonally adjusted","Persons in thousands","428","thousands","3","v2063945","7.3.1.1.1.1","8055.4","","","","1"
"2023-11","Ontario","2021A000235","Employment","Total - Gender","15 years and over","Estimate","Seasonally adjusted","Persons in thousands","428","thousands","3","v2063945","7.3.1.1.1.1","8063.9","","","","1"
"2023-12","Ontario","2021A000235","Employment","Total - Gender","15 years and over","Estimate","Seasonally adjusted","Persons in thousands","428","thousands","3","v2063945","7.3.1.1.1.1","8038.2","","","","1"
"2024-01","Ontario","2021A000235","Employment","Total - Gender","15 years and over","Estimate","Seasonally adjusted","Persons in thousands","428","thousands","3","v2063945","7.3.1.1.1.1","8051.0","","","","1"
"2024-02","Ontario","2021A000235","Employment","Total - Gender","15 years and over","Estimate","Seasonally adjusted","Persons in thousands","428","thousands","3","v2063945","7.3.1.1.1.1","8054.6","","","","1"
"2024-03","Ontario","2021A000235","Employment","Total - Gender","15 years and over","Estimate","Seasonally adjusted","Persons in thousands","428","thousands","3","v2063945","7.3.1.1.1.1","8092.5","","","","1"
"2024-04","Ontario","2021A000235","Employment","Total - Gender","15 years and over","Estimate","Seasonally adjusted","Persons in thousands","428","thousands","3","v2063945","7.3.1.1.1.1","8114.1","","","","1"
"2024-05","Ontario","2021A000235","Employment","Total - Gender","15 years and over","Estimate","Seasonally adjusted","Persons in thousands","428","thousands","3","v2063945","7.3.1.1.1.1","8152.5","","","","1"
"2024-06","Ontario","2021A000235","Employment","Total - Gender","15 years and over","Estimate","Seasonally adjusted","Persons in thousands","428","thousands","3","v2063945","7.3.1.1.1.1","8155.4","","","","1"
"2024-07","Ontario","2021A000235","Employment","Total - Gender","15 years and over","Estimate","Seasonally adjusted","Persons in thousands","428","thousands","3","v2063945","7.3.1.1.1.1","8175.1","","","","1"
"2024-08","Ontario","2021A000235","Employment","Total - Gender","15 years and over","Estimate","Seasonally adjusted","Persons in thousands","428","thousands","3","v2063945","7.3.1.1.1.1","8170.3","","","","1"
"2024-09","Ontario","2021A000235","Employment","Total - Gender","15 years and over","Estimate","Seasonally adjusted","Persons in thousands","428","thousands","3","v2063945","7.3.1.1.1.1","8203.1","","","","1"
"2024-10","Ontario","2021A000235","Employment","Total - Gender","15 years and over","Estimate","Seasonally adjusted","Persons in thousands","428","thousands","3","v2063945","7.3.1.1.1.1","8180.2","","","","1"
"2024-11","Ontario","2021A000235","Employment","Total - Gender","15 years and over","Estimate","Seasonally adjusted","Persons in thousands","428","thousands","3","v2063945","7.3.1.1.1.1","8172.9","","","","1"
"2024-12","Ontario","2021A000235","Employment","Total - Gender","15 years and over","Estimate","Seasonally adjusted","Persons in thousands","428","thousands","3","v2063945","7.3.1.1.1.1","8210.0","","","","1"
"2025-01","Ontario","2021A000235","Employment","Total - Gender","15 years and over","Estimate","Seasonally adjusted","Persons in thousands","428","thousands","3","v2063945","7.3.1.1.1.1","8234.2","","","","1"
"2025-02","Ontario","2021A000235","Employment","Total - Gender","15 years and over","Estimate","Seasonally adjusted","Persons in thousands","428","thousands","3","v2063945","7.3.1.1.1.1","8245.7","","","","1"
"2025-03","Ontario","2021A000235","Employment","Total - Gender","15 years and over","Estimate","Seasonally adjusted","Persons in thousands","428","thousands","3","v2063945","7.3.1.1.1.1","8221.6","","","","1"
"2025-04","Ontario","2021A000235","Employment","Total - Gender","15 years and over","Estimate","Seasonally adjusted","Persons in thousands","428","thousands","3","v2063945","7.3.1.1.1.1","8193.6","","","","1"
"2025-05","Ontario","2021A000235","Employment","Total - Gender","15 years and over","Estimate","Seasonally adjusted","Persons in thousands","428","thousands","3","v2063945","7.3.1.1.1.1","8198.1","","","","1"
"2025-06","Ontario","2021A000235","Employment","Total - Gender","15 years and over","Estimate","Seasonally adjusted","Persons in thousands","428","thousands","3","v2063945","7.3.1.1.1.1","8208.3","","","","1"
"2025-07","Ontario","2021A000235","Employment","Total - Gender","15 years and over","Estimate","Seasonally adjusted","Persons in thousands","428","thousands","3","v2063945","7.3.1.1.1.1","8216.3","","","","1"
"2025-08","Ontario","2021A000235","Employment","Total - Gender","15 years and over","Estimate","Seasonally adjusted","Persons in thousands","428","thousands","3","v2063945","7.3.1.1.1.1","8190.3","","","","1"
"2025-09","Ontario","2021A000235","Employment","Total - Gender","15 years and over","Estimate","Seasonally adjusted","Persons in thousands","428","thousands","3","v2063945","7.3.1.1.1.1","8200.2","","","","1"
"2025-10","Ontario","2021A000235","Employment","Total - Gender","15 years and over","Estimate","Seasonally adjusted","Persons in thousands","428","thousands","3","v2063945","7.3.1.1.1.1","8252.5","","","","1"
"2025-11","Ontario","2021A000235","Employment","Total - Gender","15 years and over","Estimate","Seasonally adjusted","Persons in thousands","428","thousands","3","v2063945","7.3.1.1.1.1","8256.4","","","","1"
"2025-12","Ontario","2021A000235","Employment","Total - Gender","15 years and over","Estimate","Seasonally adjusted","Persons in thousands","428","thousands","3","v2063945","7.3.1.1.1.1","8274.5","","","","1"
"2019-01","Ontario","2021A000235","Unemployment","Total - Gender","15 years and over","Estimate","Seasonally adjusted","Persons in thousands","428","thousands","3","v2063948","7.6.1.1.1.1","438.2","","","","1"
"2019-02","Ontario","2021A000235","Unemployment","Total - Gender","15 years and over","Estimate","Seasonally adjusted","Persons in thousands","428","thousands","3","v2063948","7.6.1.1.1.1","436.3","","","","1"
"2019-03","Ontario","2021A000235","Unemployment","Total - Gender","15 years and over","Estimate","Seasonally adjusted","Persons in thousands","428","thousands","3","v2063948","7.6.1.1.1.1","457.3","","","","1"
"2019-04","Ontario","2021A000235","Unemployment","Total - Gender","15 years and over","Estimate","Seasonally adjusted","Persons in thousands","428","thousands","3","v2063948","7.6.1.1.1.1","464.1","","","","1"
"2019-05","Ontario","2021A000235","Unemployment","Total - Gender","15 years and over","Estimate","Seasonally adjusted","Persons in thousands","428","thousands","3","v2063948","7.6.1.1.1.1","407.4","","","","1"
"2019-06","Ontario","2021A000235","Unemployment","Total - Gender","15 years and over","Estimate","Seasonally adjusted","Persons in thousands","428","thousands","3","v2063948","7.6.1.1.1.1","417.7","","","","1"
"2019-07","Ontario","2021A000235","Unemployment","Total - Gender","15 years and over","Estimate","Seasonally adjusted","Persons in thousands","428","thousands","3","v2063948","7.6.1.1.1.1","444.8","","","","1"
"2019-08","Ontario","2021A000235","Unemployment","Total - Gender","15 years and over","Estimate","Seasonally adjusted","Persons in thousands","428","thousands","3","v2063948","7.6.1.1.1.1","441.8","","","","1"
"2019-09","Ontario","2021A000235","Unemployment","Total - Gender","15 years and over","Estimate","Seasonally adjusted","Persons in thousands","428","thousands","3","v2063948","7.6.1.1.1.1","430.3","","","","1"
"2019-10","Ontario","2021A000235","Unemployment","Total - Gender","15 years and over","Estimate","Seasonally adjusted","Persons in thousands","428","thousands","3","v2063948","7.6.1.1.1.1","429.2","","","","1"
"2019-11","Ontario","2021A000235","Unemployment","Total - Gender","15 years and over","Estimate","Seasonally adjusted","Persons in thousands","428","thousands","3","v2063948","7.6.1.1.1.1","433.4","","","","1"
"2019-12","Ontario","2021A000235","Unemployment","Total - Gender","15 years and over","Estimate","Seasonally adjusted","Persons in thousands","428","thousands","3","v2063948","7.6.1.1.1.1","415.5","","","","1"
"2020-01","Ontario","2021A000235","Unemployment","Total - Gender","15 years and over","Estimate","Seasonally adjusted","Persons in thousands","428","thousands","3","v2063948","7.6.1.1.1.1","411.9","","","","1"
"2020-02","Ontario","2021A000235","Unemployment","Total - Gender","15 years and over","Estimate","Seasonally adjusted","Persons in thousands","428","thousands","3","v2063948","7.6.1.1.1.1","449.0","","","","1"
"2020-03","Ontario","2021A000235","Unemployment","Total - Gender","15 years and over","Estimate","Seasonally adjusted","Persons in thousands","428","thousands","3","v2063948","7.6.1.1.1.1","650.4","","","","1"
"2020-04","Ontario","2021A000235","Unemployment","Total - Gender","15 years and over","Estimate","Seasonally adjusted","Persons in thousands","428","thousands","3","v2063948","7.6.1.1.1.1","874.0","","","","1"
"2020-05","Ontario","2021A000235","Unemployment","Total - Gender","15 years and over","Estimate","Seasonally adjusted","Persons in thousands","428","thousands","3","v2063948","7.6.1.1.1.1","1049.3","","","","1"
"2020-06","Ontario","2021A000235","Unemployment","Total - Gender","15 years and over","Estimate","Seasonally adjusted","Persons in thousands","428","thousands","3","v2063948","7.6.1.1.1.1","973.2","","","","1"
"2020-07","Ontario","2021A000235","Unemployment","Total - Gender","15 years and over","Estimate","Seasonally adjusted","Persons in thousands","428","thousands","3","v2063948","7.6.1.1.1.1","892.5","","","","1"
"2020-08","Ontario","2021A000235","Unemployment","Total - Gender","15 years and over","Estimate","Seasonally adjusted","Persons in thousands","428","thousands","3","v2063948","7.6.1.1.1.1","819.7","","","","1"
"2020-09","Ontario","2021A000235","Unemployment","Total - Gender","15 years and over","Estimate","Seasonally adjusted","Persons in thousands","428","thousands","3","v2063948","7.6.1.1.1.1","765.3","","","","1"
"2020-10","Ontario","2021A000235","Unemployment","Total - Gender","15 years and over","Estimate","Seasonally adjusted","Persons in thousands","428","thousands","3","v2063948","7.6.1.1.1.1","750.9","","","","1"
"2020-11","Ontario","2021A000235","Unemployment","Total - Gender","15 years and over","Estimate","Seasonally adjusted","Persons in thousands","428","thousands","3","v2063948","7.6.1.1.1.1","721.6","","","","1"
"2020-12","Ontario","2021A000235","Unemployment","Total - Gender","15 years and over","Estimate","Seasonally adjusted","Persons in thousands","428","thousands","3","v2063948","7.6.1.1.1.1","801.9","","","","1"
"2021-01","Ontario","2021A000235","Unemployment","Total - Gender","15 years and over","Estimate","Seasonally adjusted","Persons in thousands","428","thousands","3","v2063948","7.6.1.1.1.1","805.6","","","","1"
"2021-02","Ontario","2021A000235","Unemployment","Total - Gender","15 years and over","Estimate","Seasonally adjusted","Persons in thousands","428","thousands","3","v2063948","7.6.1.1.1.1","757.3","","","","1"
"2021-03","Ontario","2021A000235","Unemployment","Total - Gender","15 years and over","Estimate","Seasonally adjusted","Persons in thousands","428","thousands","3","v2063948","7.6.1.1.1.1","623.5","","","","1"
"2021-04","Ontario","2021A000235","Unemployment","Total - Gender","15 years and over","Estimate","Seasonally adjusted","Persons in thousands","428","thousands","3","v2063948","7.6.1.1.1.1","747.4","","","","1"
"2021-05","Ontario","2021A000235","Unemployment","Total - Gender","15 years and over","Estimate","Seasonally adjusted","Persons in thousands","428","thousands","3","v2063948","7.6.1.1.1.1","749.3","","","","1"
"2021-06","Ontario","2021A000235","Unemployment","Total - Gender","15 years and over","Estimate","Seasonally adjusted","Persons in thousands","428","thousands","3","v2063948","7.6.1.1.1.1","705.4","","","","1"
"2021-07","Ontario","2021A000235","Unemployment","Total - Gender","15 years and over","Estimate","Seasonally adjusted","Persons in thousands","428","thousands","3","v2063948","7.6.1.1.1.1","640.2","","","","1"
"2021-08","Ontario","2021A000235","Unemployment","Total - Gender","15 years and over","Estimate","Seasonally adjusted","Persons in thousands","428","thousands","3","v2063948","7.6.1.1.1.1","620.5","","","","1"
"2021-09","Ontario","2021A000235","Unemployment","Total - Gender","15 years and over","Estimate","Seasonally adjusted","Persons in thousands","428","thousands","3","v2063948","7.6.1.1.1.1","607.0","","","","1"
"2021-10","Ontario","2021A000235","Unemployment","Total - Gender","15 years and over","Estimate","Seasonally adjusted","Persons in thousands","428","thousands","3","v2063948","7.6.1.1.1.1","548.8","","","","1"
"2021-11","Ontario","2021A000235","Unemployment","Total - Gender","15 years and over","Estimate","Seasonally adjusted","Persons in thousands","428","thousands","3","v2063948","7.6.1.1.1.1","529.8","","","","1"
"2021-12","Ontario","2021A000235","Unemployment","Total - Gender","15 years and over","Estimate","Seasonally adjusted","Persons in thousands","428","thousands","3","v2063948","7.6.1.1.1.1","518.8","","","","1"
"2022-01","Ontario","2021A000235","Unemployment","Total - Gender","15 years and over","Estimate","Seasonally adjusted","Persons in thousands","428","thousands","3","v2063948","7.6.1.1.1.1","600.9","","","","1"
"2022-02","Ontario","2021A000235","Unemployment","Total - Gender","15 years and over","Estimate","Seasonally adjusted","Persons in thousands","428","thousands","3","v2063948","7.6.1.1.1.1","463.7","","","","1"
"2022-03","Ontario","2021A000235","Unemployment","Total - Gender","15 years and over","Estimate","Seasonally adjusted","Persons in thousands","428","thousands","3","v2063948","7.6.1.1.1.1","445.5","","","","1"
"2022-04","Ontario","2021A000235","Unemployment","Total - Gender","15 years and over","Estimate","Seasonally adjusted","Persons in thousands","428","thousands","3","v2063948","7.6.1.1.1.1","458.8","","","","1"
"2022-05","Ontario","2021A000235","Unemployment","Total - Gender","15 years and over","Estimate","Seasonally adjusted","Persons in thousands","428","thousands","3","v2063948","7.6.1.1.1.1","444.1","","","","1"
"2022-06","Ontario","2021A000235","Unemployment","Total - Gender","15 years and over","Estimate","Seasonally adjusted","Persons in thousands","428","thousands","3","v2063948","7.6.1.1.1.1","421.3","","","","1"
"2022-07","Ontario","2021A000235","Unemployment","Total - Gender","15 years and over","Estimate","Seasonally adjusted","Persons in thousands","428","thousands","3","v2063948","7.6.1.1.1.1","416.7","","","","1"
"2022-08","Ontario","2021A000235","Unemployment","Total - Gender","15 years and over","Estimate","Seasonally adjusted","Persons in thousands","428","thousands","3","v2063948","7.6.1.1.1.1","443.8","","","","1"
"2022-09","Ontario","2021A000235","Unemployment","Total - Gender","15 years and over","Estimate","Seasonally adjusted","Persons in thousands","428","thousands","3","v2063948","7.6.1.1.1.1","448.0","","","","1"
"2022-10","Ontario","2021A000235","Unemployment","Total - Gender","15 years and over","Estimate","Seasonally adjusted","Persons in thousands","428","thousands","3","v2063948","7.6.1.1.1.1","451.5","","","","1"
"2022-11","Ontario","2021A000235","Unemployment","Total - Gender","15 years and over","Estimate","Seasonally adjusted","Persons in thousands","428","thousands","3","v2063948","7.6.1.1.1.1","461.3","","","","1"
"2022-12","Ontario","2021A000235","Unemployment","Total - Gender","15 years and over","Estimate","Seasonally adjusted","Persons in thousands","428","thousands","3","v2063948","7.6.1.1.1.1","439.0","","","","1"
"2023-01","Ontario","2021A000235","Unemployment","Total - Gender","15 years and over","Estimate","Seasonally adjusted","Persons in thousands","428","thousands","3","v2063948","7.6.1.1.1.1","440.0","","","","1"
"2023-02","Ontario","2021A000235","Unemployment","Total - Gender","15 years and over","Estimate","Seasonally adjusted","Persons in thousands","428","thousands","3","v2063948","7.6.1.1.1.1","431.3","","","","1"
"2023-03","Ontario","2021A000235","Unemployment","Total - Gender","15 years and over","Estimate","Seasonally adjusted","Persons in thousands","428","thousands","3","v2063948","7.6.1.1.1.1","442.4","","","","1"
"2023-04","Ontario","2021A000235","Unemployment","Total - Gender","15 years and over","Estimate","Seasonally adjusted","Persons in thousands","428","thousands","3","v2063948","7.6.1.1.1.1","422.3","","","","1"
"2023-05","Ontario","2021A000235","Unemployment","Total - Gender","15 years and over","Estimate","Seasonally adjusted","Persons in thousands","428","thousands","3","v2063948","7.6.1.1.1.1","465.0","","","","1"
"2023-06","Ontario","2021A000235","Unemployment","Total - Gender","15 years and over","Estimate","Seasonally adjusted","Persons in thousands","428","thousands","3","v2063948","7.6.1.1.1.1","477.3","","","","1"
"2023-07","Ontario","2021A000235","Unemployment","Total - Gender","15 years and over","Estimate","Seasonally adjusted","Persons in thousands","428","thousands","3","v2063948","7.6.1.1.1.1","476.1","","","","1"
"2023-08","Ontario","2021A000235","Unemployment","Total - Gender","15 years and over","Estimate","Seasonally adjusted","Persons in thousands","428","thousands","3","v2063948","7.6.1.1.1.1","491.6","","","","1"
"2023-09","Ontario","2021A000235","Unemployment","Total - Gender","15 years and over","Estimate","Seasonally adjusted","Persons in thousands","428","thousands","3","v2063948","7.6.1.1.1.1","497.4","","","","1"
"2023-10","Ontario","2021A000235","Unemployment","Total - Gender","15 years and over","Estimate","Seasonally adjusted","Persons in thousands","428","thousands","3","v2063948","7.6.1.1.1.1","529.0","","","","1"
"2023-11","Ontario","2021A000235","Unemployment","Total - Gender","15 years and over","Estimate","Seasonally adjusted","Persons in thousands","428","thousands","3","v2063948","7.6.1.1.1.1","522.5","","","","1"
"2023-12","Ontario","2021A000235","Unemployment","Total - Gender","15 years and over","Estimate","Seasonally adjusted","Persons in thousands","428","thousands","3","v2063948","7.6.1.1.1.1","533.5","","","","1"
"2024-01","Ontario","2021A000235","Unemployment","Total - Gender","15 years and over","Estimate","Seasonally adjusted","Persons in thousands","428","thousands","3","v2063948","7.6.1.1.1.1","523.8","","","","1"
"2024-02","Ontario","2021A000235","Unemployment","Total - Gender","15 years and over","Estimate","Seasonally adjusted","Persons in thousands","428","thousands","3","v2063948","7.6.1.1.1.1","570.4","","","","1"
"2024-03","Ontario","2021A000235","Unemployment","Total - Gender","15 years and over","Estimate","Seasonally adjusted","Persons in thousands","428","thousands","3","v2063948","7.6.1.1.1.1","587.9","","","","1"
"2024-04","Ontario","2021A000235","Unemployment","Total - Gender","15 years and over","Estimate","Seasonally adjusted","Persons in thousands","428","thousands","3","v2063948","7.6.1.1.1.1","587.4","","","","1"
"2024-05","Ontario","2021A000235","Unemployment","Total - Gender","15 years and over","Estimate","Seasonally adjusted","Persons in thousands","428","thousands","3","v2063948","7.6.1.1.1.1","589.0","","","","1"
"2024-06","Ontario","2021A000235","Unemployment","Total - Gender","15 years and over","Estimate","Seasonally adjusted","Persons in thousands","428","thousands","3","v2063948","7.6.1.1.1.1","613.8","","","","1"
"2024-07","Ontario","2021A000235","Unemployment","Total - Gender","15 years and over","Estimate","Seasonally adjusted","Persons in thousands","428","thousands","3","v2063948","7.6.1.1.1.1","600.5","","","","1"
"2024-08","Ontario","2021A000235","Unemployment","Total - Gender","15 years and over","Estimate","Seasonally adjusted","Persons in thousands","428","thousands","3","v2063948","7.6.1.1.1.1","636.1","","","","1"
"2024-09","Ontario","2021A000235","Unemployment","Total - Gender","15 years and over","Estimate","Seasonally adjusted","Persons in thousands","428","thousands","3","v2063948","7.6.1.1.1.1","614.9","","","","1"
"2024-10","Ontario","2021A000235","Unemployment","Total - Gender","15 years and over","Estimate","Seasonally adjusted","Persons in thousands","428","thousands","3","v2063948","7.6.1.1.1.1","623.9","","","","1"
"2024-11","Ontario","2021A000235","Unemployment","Total - Gender","15 years and over","Estimate","Seasonally adjusted","Persons in thousands","428","thousands","3","v2063948","7.6.1.1.1.1","693.1","","","","1"
"2024-12","Ontario","2021A000235","Unemployment","Total - Gender","15 years and over","Estimate","Seasonally adjusted","Persons in thousands","428","thousands","3","v2063948","7.6.1.1.1.1","666.4","","","","1"
"2025-01","Ontario","2021A000235","Unemployment","Total - Gender","15 years and over","Estimate","Seasonally adjusted","Persons in thousands","428","thousands","3","v2063948","7.6.1.1.1.1","674.0","","","","1"
"2025-02","Ontario","2021A000235","Unemployment","Total - Gender","15 years and over","Estimate","Seasonally adjusted","Persons in thousands","428","thousands","3","v2063948","7.6.1.1.1.1","656.1","","","","1"
"2025-03","Ontario","2021A000235","Unemployment","Total - Gender","15 years and over","Estimate","Seasonally adjusted","Persons in thousands","428","thousands","3","v2063948","7.6.1.1.1.1","670.0","","","","1"
"2025-04","Ontario","2021A000235","Unemployment","Total - Gender","15 years and over","Estimate","Seasonally adjusted","Persons in thousands","428","thousands","3","v2063948","7.6.1.1.1.1","690.5","","","","1"
"2025-05","Ontario","2021A000235","Unemployment","Total - Gender","15 years and over","Estimate","Seasonally adjusted","Persons in thousands","428","thousands","3","v2063948","7.6.1.1.1.1","702.1","","","","1"
"2025-06","Ontario","2021A000235","Unemployment","Total - Gender","15 years and over","Estimate","Seasonally adjusted","Persons in thousands","428","thousands","3","v2063948","7.6.1.1.1.1","690.9","","","","1"
"2025-07","Ontario","2021A000235","Unemployment","Total - Gender","15 years and over","Estimate","Seasonally adjusted","Persons in thousands","428","thousands","3","v2063948","7.6.1.1.1.1","696.4","","","","1"
"2025-08","Ontario","2021A000235","Unemployment","Total - Gender","15 years and over","Estimate","Seasonally adjusted","Persons in thousands","428","thousands","3","v2063948","7.6.1.1.1.1","685.9","","","","1"
"2025-09","Ontario","2021A000235","Unemployment","Total - Gender","15 years and over","Estimate","Seasonally adjusted","Persons in thousands","428","thousands","3","v2063948","7.6.1.1.1.1","702.9","","","","1"
"2025-10","Ontario","2021A000235","Unemployment","Total - Gender","15 years and over","Estimate","Seasonally adjusted","Persons in thousands","428","thousands","3","v2063948","7.6.1.1.1.1","675.8","","","","1"
"2025-11","Ontario","2021A000235","Unemployment","Total - Gender","15 years and over","Estimate","Seasonally adjusted","Persons in thousands","428","thousands","3","v2063948","7.6.1.1.1.1","658.1","","","","1"
"2025-12","Ontario","2021A000235","Unemployment","Total - Gender","15 years and over","Estimate","Seasonally adjusted","Persons in thousands","428","thousands","3","v2063948","7.6.1.1.1.1","714.3","","","","1"
"2019-01","Ontario","2021A000235","Unemployment rate","Total - Gender","15 years and over","Estimate","Seasonally adjusted","Percent","239","units","0","v2063949","7.7.1.1.1.1","5.6","","","","1"
"2019-02","Ontario","2021A000235","Unemployment rate","Total - Gender","15 years and over","Estimate","Seasonally adjusted","Percent","239","units","0","v2063949","7.7.1.1.1.1","5.6","","","","1"
"2019-03","Ontario","2021A000235","Unemployment rate","Total - Gender","15 years and over","Estimate","Seasonally adjusted","Percent","239","units","0","v2063949","7.7.1.1.1.1","5.9","","","","1"
"2019-04","Ontario","2021A000235","Unemployment rate","Total - Gender","15 years and over","Estimate","Seasonally adjusted","Percent","239","units","0","v2063949","7.7.1.1.1.1","5.9","","","","1"
"2019-05","Ontario","2021A000235","Unemployment rate","Total - Gender","15 years and over","Estimate","Seasonally adjusted","Percent","239","units","0","v2063949","7.7.1.1.1.1","5.2","","","","1"
"2019-06","Ontario","2021A000235","Unemployment rate","Total - Gender","15 years and over","Estimate","Seasonally adjusted","Percent","239","units","0","v2063949","7.7.1.1.1.1","5.3","","","","1"
"2019-07","Ontario","2021A000235","Unemployment rate","Total - Gender","15 years and over","Estimate","Seasonally adjusted","Percent","239","units","0","v2063949","7.7.1.1.1.1","5.7","","","","1"
"2019-08","Ontario","2021A000235","Unemployment rate","Total - Gender","15 years and over","Estimate","Seasonally adjusted","Percent","239","units","0","v2063949","7.7.1.1.1.1","5.6","","","","1"
"2019-09","Ontario","2021A000235","Unemployment rate","Total - Gender","15 years and over","Estimate","Seasonally adjusted","Percent","239","units","0","v2063949","7.7.1.1.1.1","5.5","","","","1"
"2019-10","Ontario","2021A000235","Unemployment rate","Total - Gender","15 years and over","Estimate","Seasonally adjusted","Percent","239","units","0","v2063949","7.7.1.1.1.1","5.5","","","","1"
"2019-11","Ontario","2021A000235","Unemployment rate","Total - Gender","15 years and over","Estimate","Seasonally adjusted","Percent","239","units","0","v2063949","7.7.1.1.1.1","5.5","","","","1"
"2019-12","Ontario","2021A000235","Unemployment rate","Total - Gender","15 years and over","Estimate","Seasonally adjusted","Percent","239","units","0","v2063949","7.7.1.1.1.1","5.2","","","","1"
"2020-01","Ontario","2021A000235","Unemployment rate","Total - Gender","15 years and over","Estimate","Seasonally adjusted","Percent","239","units","0","v2063949","7.7.1.1.1.1","5.2","","","","1"
"2020-02","Ontario","2021A000235","Unemployment rate","Total - Gender","15 years and over","Estimate","Seasonally adjusted","Percent","239","units","0","v2063949","7.7.1.1.1.1","5.6","","","","1"
"2020-03","Ontario","2021A000235","Unemployment rate","Total - Gender","15 years and over","Estimate","Seasonally adjusted","Percent","239","units","0","v2063949","7.7.1.1.1.1","8.5","","","","1"
"2020-04","Ontario","2021A000235","Unemployment rate","Total - Gender","15 years and over","Estimate","Seasonally adjusted","Percent","239","units","0","v2063949","7.7.1.1.1.1","12.1","","","","1"
"2020-05","Ontario","2021A000235","Unemployment rate","Total - Gender","15 years and over","Estimate","Seasonally adjusted","Percent","239","units","0","v2063949","7.7.1.1.1.1","14.2","","","","1"
"2020-06","Ontario","2021A000235","Unemployment rate","Total - Gender","15 years and over","Estimate","Seasonally adjusted","Percent","239","units","0","v2063949","7.7.1.1.1.1","12.6","","","","1"
"2020-07","Ontario","2021A000235","Unemployment rate","Total - Gender","15 years and over","Estimate","Seasonally adjusted","Percent","239","units","0","v2063949","7.7.1.1.1.1","11.4","","","","1"
"2020-08","Ontario","2021A000235","Unemployment rate","Total - Gender","15 years and over","Estimate","Seasonally adjusted","Percent","239","units","0","v2063949","7.7.1.1.1.1","10.4","","","","1"
"2020-09","Ontario","2021A000235","Unemployment rate","Total - Gender","15 years and over","Estimate","Seasonally adjusted","Percent","239","units","0","v2063949","7.7.1.1.1.1","9.6","","","","1"
"2020-10","Ontario","2021A000235","Unemployment rate","Total - Gender","15 years and over","Estimate","Seasonally adjusted","Percent","239","units","0","v2063949","7.7.1.1.1.1","9.4","","","","1"
"2020-11","Ontario","2021A000235","Unemployment rate","Total - Gender","15 years and over","Estimate","Seasonally adjusted","Percent","239","units","0","v2063949","7.7.1.1.1.1","9.0","","","","1"
"2020-12","Ontario","2021A000235","Unemployment rate","Total - Gender","15 years and over","Estimate","Seasonally adjusted","Percent","239","units","0","v2063949","7.7.1.1.1.1","9.9","","","","1"
"2021-01","Ontario","2021A000235","Unemployment rate","Total - Gender","15 years and over","Estimate","Seasonally adjusted","Percent","239","units","0","v2063949","7.7.1.1.1.1","10.2","","","","1"
"2021-02","Ontario","2021A000235","Unemployment rate","Total - Gender","15 years and over","Estimate","Seasonally adjusted","Percent","239","units","0","v2063949","7.7.1.1.1.1","9.5","","","","1"
"2021-03","Ontario","2021A000235","Unemployment rate","Total - Gender","15 years and over","Estimate","Seasonally adjusted","Percent","239","units","0","v2063949","7.7.1.1.1.1","7.8","","","","1"
"2021-04","Ontario","2021A000235","Unemployment rate","Total - Gender","15 years and over","Estimate","Seasonally adjusted","Percent","239","units","0","v2063949","7.7.1.1.1.1","9.4","","","","1"
"2021-05","Ontario","2021A000235","Unemployment rate","Total - Gender","15 years and over","Estimate","Seasonally adjusted","Percent","239","units","0","v2063949","7.7.1.1.1.1","9.4","","","","1"
"2021-06","Ontario","2021A000235","Unemployment rate","Total - Gender","15 years and over","Estimate","Seasonally adjusted","Percent","239","units","0","v2063949","7.7.1.1.1.1","8.8","","","","1"
"2021-07","Ontario","2021A000235","Unemployment rate","Total - Gender","15 years and over","Estimate","Seasonally adjusted","Percent","239","units","0","v2063949","7.7.1.1.1.1","7.9","","","","1"
"2021-08","Ontario","2021A000235","Unemployment rate","Total - Gender","15 years and over","Estimate","Seasonally adjusted","Percent","239","units","0","v2063949","7.7.1.1.1.1","7.7","","","","1"
"2021-09","Ontario","2021A000235","Unemployment rate","Total - Gender","15 years and over","Estimate","Seasonally adjusted","Percent","239","units","0","v2063949","7.7.1.1.1.1","7.4","","","","1"
"2021-10","Ontario","2021A000235","Unemployment rate","Total - Gender","15 years and over","Estimate","Seasonally adjusted","Percent","239","units","0","v2063949","7.7.1.1.1.1","6.7","","","","1"
"2021-11","Ontario","2021A000235","Unemployment rate","Total - Gender","15 years and over","Estimate","Seasonally adjusted","Percent","239","units","0","v2063949","7.7.1.1.1.1","6.5","","","","1"
"2021-12","Ontario","2021A000235","Unemployment rate","Total - Gender","15 years and over","Estimate","Seasonally adjusted","Percent","239","units","0","v2063949","7.7.1.1.1.1","6.3","","","","1"
"2022-01","Ontario","2021A000235","Unemployment rate","Total - Gender","15 years and over","Estimate","Seasonally adjusted","Percent","239","units","0","v2063949","7.7.1.1.1.1","7.4","","","","1"
"2022-02","Ontario","2021A000235","Unemployment rate","Total - Gender","15 years and over","Estimate","Seasonally adjusted","Percent","239","units","0","v2063949","7.7.1.1.1.1","5.7","","","","1"
"2022-03","Ontario","2021A000235","Unemployment rate","Total - Gender","15 years and over","Estimate","Seasonally adjusted","Percent","239","units","0","v2063949","7.7.1.1.1.1","5.4","","","","1"
"2022-04","Ontario","2021A000235","Unemployment rate","Total - Gender","15 years and over","Estimate","Seasonally adjusted","Percent","239","units","0","v2063949","7.7.1.1.1.1","5.6","","","","1"
"2022-05","Ontario","2021A000235","Unemployment rate","Total - Gender","15 years and over","Estimate","Seasonally adjusted","Percent","239","units","0","v2063949","7.7.1.1.1.1","5.4","","","","1"
"2022-06","Ontario","2021A000235","Unemployment rate","Total - Gender","15 years and over","Estimate","Seasonally adjusted","Percent","239","units","0","v2063949","7.7.1.1.1.1","5.1","","","","1"
"2022-07","Ontario","2021A000235","Unemployment rate","Total - Gender","15 years and over","Estimate","Seasonally adjusted","Percent","239","units","0","v2063949","7.7.1.1.1.1","5.1","","","","1"
"2022-08","Ontario","2021A000235","Unemployment rate","Total - Gender","15 years and over","Estimate","Seasonally adjusted","Percent","239","units","0","v2063949","7.7.1.1.1.1","5.4","","","","1"
"2022-09","Ontario","2021A000235","Unemployment rate","Total - Gender","15 years and over","Estimate","Seasonally adjusted","Percent","239","units","0","v2063949","7.7.1.1.1.1","5.5","","","","1"
"2022-10","Ontario","2021A000235","Unemployment rate","Total - Gender","15 years and over","Estimate","Seasonally adjusted","Percent","239","units","0","v2063949","7.7.1.1.1.1","5.5","","","","1"
"2022-11","Ontario","2021A000235","Unemployment rate","Total - Gender","15 years and over","Estimate","Seasonally adjusted","Percent","239","units","0","v2063949","7.7.1.1.1.1","5.6","","","","1"
"2022-12","Ontario","2021A000235","Unemployment rate","Total - Gender","15 years and over","Estimate","Seasonally adjusted","Percent","239","units","0","v2063949","7.7.1.1.1.1","5.3","","","","1"
"2023-01","Ontario","2021A000235","Unemployment rate","Total - Gender","15 years and over","Estimate","Seasonally adjusted","Percent","239","units","0","v2063949","7.7.1.1.1.1","5.3","","","","1"
"2023-02","Ontario","2021A000235","Unemployment rate","Total - Gender","15 years and over","Estimate","Seasonally adjusted","Percent","239","units","0","v2063949","7.7.1.1.1.1","5.2","","","","1"
"2023-03","Ontario","2021A000235","Unemployment rate","Total - Gender","15 years and over","Estimate","Seasonally adjusted","Percent","239","units","0","v2063949","7.7.1.1.1.1","5.3","","","","1"
"2023-04","Ontario","2021A000235","Unemployment rate","Total - Gender","15 years and over","Estimate","Seasonally adjusted","Percent","239","units","0","v2063949","7.7.1.1.1.1","5.0","","","","1"
"2023-05","Ontario","2021A000235","Unemployment rate","Total - Gender","15 years and over","Estimate","Seasonally adjusted","Percent","239","units","0","v2063949","7.7.1.1.1.1","5.5","","","","1"
"2023-06","Ontario","2021A000235","Unemployment rate","Total - Gender","15 years and over","Estimate","Seasonally adjusted","Percent","239","units","0","v2063949","7.7.1.1.1.1","5.6","","","","1"
"2023-07","Ontario","2021A000235","Unemployment rate","Total - Gender","15 years and over","Estimate","Seasonally adjusted","Percent","239","units","0","v2063949","7.7.1.1.1.1","5.6","","","","1"
"2023-08","Ontario","2021A000235","Unemployment rate","Total - Gender","15 years and over","Estimate","Seasonally adjusted","Percent","239","units","0","v2063949","7.7.1.1.1.1","5.8","","","","1"
"2023-09","Ontario","2021A000235","Unemployment rate","Total - Gender","15 years and over","Estimate","Seasonally adjusted","Percent","239","units","0","v2063949","7.7.1.1.1.1","5.8","","","","1"
"2023-10","Ontario","2021A000235","Unemployment rate","Total - Gender","15 years and over","Estimate","Seasonally adjusted","Percent","239","units","0","v2063949","7.7.1.1.1.1","6.2","","","","1"
"2023-11","Ontario","2021A000235","Unemployment rate","Total - Gender","15 years and over","Estimate","Seasonally adjusted","Percent","239","units","0","v2063949","7.7.1.1.1.1","6.1","","","","1"
"2023-12","Ontario","2021A000235","Unemployment rate","Total - Gender","15 years and over","Estimate","Seasonally adjusted","Percent","239","units","0","v2063949","7.7.1.1.1.1","6.2","","","","1"
"2024-01","Ontario","2021A000235","Unemployment rate","Total - Gender","15 years and over","Estimate","Seasonally adjusted","Percent","239","units","0","v2063949","7.7.1.1.1.1","6.1","","","","1"
"2024-02","Ontario","2021A000235","Unemployment rate","Total - Gender","15 years and over","Estimate","Seasonally adjusted","Percent","239","units","0","v2063949","7.7.1.1.1.1","6.6","","","","1"
"2024-03","Ontario","2021A000235","Unemployment rate","Total - Gender","15 years and over","Estimate","Seasonally adjusted","Percent","239","units","0","v2063949","7.7.1.1.1.1","6.8","","","","1"
"2024-04","Ontario","2021A000235","Unemployment rate","Total - Gender","15 years and over","Estimate","Seasonally adjusted","Percent","239","units","0","v2063949","7.7.1.1.1.1","6.8","","","","1"
"2024-05","Ontario","2021A000235","Unemployment rate","Total - Gender","15 years and over","Estimate","Seasonally adjusted","Percent","239","units","0","v2063949","7.7.1.1.1.1","6.7","","","","1"
"2024-06","Ontario","2021A000235","Unemployment rate","Total - Gender","15 years and over","Estimate","Seasonally adjusted","Percent","239","units","0","v2063949","7.7.1.1.1.1","7.0","","","","1"
"2024-07","Ontario","2021A000235","Unemployment rate","Total - Gender","15 years and over","Estimate","Seasonally adjusted","Percent","239","units","0","v2063949","7.7.1.1.1.1","6.8","","","","1"
"2024-08","Ontario","2021A000235","Unemployment rate","Total - Gender","15 years and over","Estimate","Seasonally adjusted","Percent","239","units","0","v2063949","7.7.1.1.1.1","7.2","","","","1"
"2024-09","Ontario","2021A000235","Unemployment rate","Total - Gender","15 years and over","Estimate","Seasonally adjusted","Percent","239","units","0","v2063949","7.7.1.1.1.1","7.0","","","","1"
"2024-10","Ontario","2021A000235","Unemployment rate","Total - Gender","15 years and over","Estimate","Seasonally adjusted","Percent","239","units","0","v2063949","7.7.1.1.1.1","7.1","","","","1"
"2024-11","Ontario","2021A000235","Unemployment rate","Total - Gender","15 years and over","Estimate","Seasonally adjusted","Percent","239","units","0","v2063949","7.7.1.1.1.1","7.8","","","","1"
"2024-12","Ontario","2021A000235","Unemployment rate","Total - Gender","15 years and over","Estimate","Seasonally adjusted","Percent","239","units","0","v2063949","7.7.1.1.1.1","7.5","","","","1"
"2025-01","Ontario","2021A000235","Unemployment rate","Total - Gender","15 years and over","Estimate","Seasonally adjusted","Percent","239","units","0","v2063949","7.7.1.1.1.1","7.6","","","","1"
"2025-02","Ontario","2021A000235","Unemployment rate","Total - Gender","15 years and over","Estimate","Seasonally adjusted","Percent","239","units","0","v2063949","7.7.1.1.1.1","7.4","","","","1"
"2025-03","Ontario","2021A000235","Unemployment rate","Total - Gender","15 years and over","Estimate","Seasonally adjusted","Percent","239","units","0","v2063949","7.7.1.1.1.1","7.5","","","","1"
"2025-04","Ontario","2021A000235","Unemployment rate","Total - Gender","15 years and over","Estimate","Seasonally adjusted","Percent","239","units","0","v2063949","7.7.1.1.1.1","7.8","","","","1"
"2025-05","Ontario","2021A000235","Unemployment rate","Total - Gender","15 years and over","Estimate","Seasonally adjusted","Percent","239","units","0","v2063949","7.7.1.1.1.1","7.9","","","","1"
"2025-06","Ontario","2021A000235","Unemployment rate","Total - Gender","15 years and over","Estimate","Seasonally adjusted","Percent","239","units","0","v2063949","7.7.1.1.1.1","7.8","","","","1"
"2025-07","Ontario","2021A000235","Unemployment rate","Total - Gender","15 years and over","Estimate","Seasonally adjusted","Percent","239","units","0","v2063949","7.7.1.1.1.1","7.8","","","","1"
"2025-08","Ontario","2021A000235","Unemployment rate","Total - Gender","15 years and over","Estimate","Seasonally adjusted","Percent","239","units","0","v2063949","7.7.1.1.1.1","7.7","","","","1"
"2025-09","Ontario","2021A000235","Unemployment rate","Total - Gender","15 years and over","Estimate","Seasonally adjusted","Percent","239","units","0","v2063949","7.7.1.1.1.1","7.9","","","","1"
"2025-10","Ontario","2021A000235","Unemployment rate","Total - Gender","15 years and over","Estimate","Seasonally adjusted","Percent","239","units","0","v2063949","7.7.1.1.1.1","7.6","","","","1"
"2025-11","Ontario","2021A000235","Unemployment rate","Total - Gender","15 years and over","Estimate","Seasonally adjusted","Percent","239","units","0","v2063949","7.7.1.1.1.1","7.4","","","","1"
"2025-12","Ontario","2021A000235","Unemployment rate","Total - Gender","15 years and over","Estimate","Seasonally adjusted","Percent","239","units","0","v2063949","7.7.1.1.1.1","7.9","","","","1"


